ts,equity,cash,gross_exposure,n_positions,fees_paid,slippage_paid
1789530957,10000.0,10000.0,0.0,0,0.0,0.0
1789532594,10000.0,10000.0,0.0,0,0.0,0.0
1789536103,10000.0,10000.0,0.0,0,0.0,0.0
1789540084,10000.0,10000.0,0.0,0,0.0,0.0
1789543394,10000.0,10000.0,0.0,0,0.0,0.0
1789547073,10000.0,10000.0,0.0,0,0.0,0.0
1789550572,10000.0,10000.0,0.0,0,0.0,0.0
1789554212,10000.0,10000.0,0.0,0,0.0,0.0
1789557775,10000.0,10000.0,0.0,0,0.0,0.0
1789561696,10000.0,10000.0,0.0,0,0.0,0.0
1789565065,10000.0,10000.0,0.0,0,0.0,0.0
1789568627,10000.0,10000.0,0.0,0,0.0,0.0
1789572176,10000.0,10000.0,0.0,0,0.0,0.0
1789575763,10000.0,10000.0,0.0,0,0.0,0.0
1789579223,10000.0,10000.0,0.0,0,0.0,0.0
1789583091,10000.0,10000.0,0.0,0,0.0,0.0
1789586468,10000.0,10000.0,0.0,0,0.0,0.0
1789590185,10000.0,10000.0,0.0,0,0.0,0.0
1789593741,10000.0,10000.0,0.0,0,0.0,0.0
1789597278,10000.0,10000.0,0.0,0,0.0,0.0
1789600850,10000.0,10000.0,0.0,0,0.0,0.0
1789604925,9996.2506,7497.5,2498.7506,1,2.5,1.2494
1789608121,9992.42,7497.5,2494.92,1,2.5,1.2494
1789611755,9985.2583,7497.5,2487.7583,1,2.5,1.2494
1789615365,10003.9119,7497.5,2506.4119,1,2.5,1.2494
1789619001,9998.7489,7497.5,2501.2489,1,2.5,1.2494
1789622522,10004.5781,7497.5,2507.0781,1,2.5,1.2494
1789626493,9998.2492,7497.5,2500.7492,1,2.5,1.2494
1789628820,10012.5725,7497.5,2515.0725,1,2.5,1.2494
1789629838,10009.9077,7497.5,2512.4077,1,2.5,1.2494
1789633496,10016.2366,7497.5,2518.7366,1,2.5,1.2494
1789636984,10016.2366,7497.5,2518.7366,1,2.5,1.2494
1789640572,9997.4165,7497.5,2499.9165,1,2.5,1.2494
1789644130,10010.7405,7497.5,2513.2405,1,2.5,1.2494
1789648073,10030.893,7497.5,2533.393,1,2.5,1.2494
1789651407,10019.2122,4989.2279,5029.9842,2,5.0058,2.5966
1789655075,10045.7682,4989.2279,5056.5403,2,5.0058,2.5966
1789658609,9993.0349,4989.2279,5003.8069,2,5.0058,2.5966
1789662205,10107.4663,4989.2279,5118.2383,2,5.0058,2.5966
1789665590,10122.3887,4989.2279,5133.1607,2,5.0058,2.5966
1789669514,10091.1154,4989.2279,5101.8875,2,5.0058,2.5966
1789672836,10090.8848,4989.2279,5101.6569,2,5.0058,2.5966
1789676555,10130.6651,4989.2279,5141.4371,2,5.0058,2.5966
1789680105,10095.152,7516.4939,2578.6581,1,7.5356,3.8622
1789683635,10069.8817,7516.4939,2553.3878,1,7.5356,3.8622
1789687123,10136.6243,7516.4939,2620.1304,1,7.5356,3.8622
1789691299,10121.2207,4982.7085,5138.5122,2,10.0668,5.1272
1789694454,10182.4688,4982.7085,5199.7603,2,10.0668,5.1272
1789698191,10209.371,2426.8551,7782.5159,3,12.6201,6.4032
1789701706,10285.0577,-0.0,10285.0577,4,15.0445,7.6148
1789705338,10301.9102,2332.4388,7969.4714,6,21.5442,10.9379
1789708837,10330.9565,-0.0,10330.9565,7,23.8743,12.1024
1789712814,10310.4717,-0.0,10310.4717,7,23.8743,12.1024
1789716125,10357.8504,-0.0,10357.8504,7,23.8743,12.1024
1789719788,10394.3562,-0.0,10394.3562,7,23.8743,12.1024
1789723344,10406.3866,-0.0,10406.3866,7,23.8743,12.1024
1789726939,10452.5404,-0.0,10452.5404,7,23.8743,12.1024
1789730465,10331.1022,-0.0,10331.1022,7,23.8743,12.1024
1789734362,10342.0839,-0.0,10342.0839,7,23.8743,12.1024
1789737680,10422.1624,-0.0,10422.1624,7,23.8743,12.1024
1789741323,10584.5378,-0.0,10584.5378,7,23.8743,12.1024
1789744915,10593.4043,-0.0,10593.4043,7,23.8743,12.1024
1789748456,10631.6151,-0.0,10631.6151,7,23.8743,12.1024
1789751959,10610.0513,-0.0,10610.0513,7,23.8743,12.1024
1789755837,10668.5973,-0.0,10668.5973,7,23.8743,12.1024
1789759230,10766.38,-0.0,10766.38,7,23.8743,12.1024
1789762876,10769.0345,-0.0,10769.0345,7,23.8743,12.1024
1789766454,10780.1557,-0.0,10780.1557,7,23.8743,12.1024
1789770051,10792.4702,-0.0,10792.4702,7,23.8743,12.1024
1789773662,10760.8849,-0.0,10760.8849,7,23.8743,12.1024
1789777669,10810.5935,-0.0,10810.5935,7,23.8743,12.1024
1789780882,10760.3983,-0.0,10760.3983,7,23.8743,12.1024
1789784465,10950.655,-0.0,10950.655,7,23.8743,12.1024
1789788106,10921.4214,-0.0,10921.4214,7,23.8743,12.1024
1789791694,10905.1443,-0.0,10905.1443,7,23.8743,12.1024
1789795213,10845.7262,-0.0,10845.7262,7,23.8743,12.1024
1789799148,10697.992,-0.0,10697.992,7,23.8743,12.1024
1789802413,10754.9296,-0.0,10754.9296,7,23.8743,12.1024
1789806156,10790.0648,1454.332,9335.7328,6,25.3301,13.0471
1789809677,10857.0427,-0.0,10857.0427,8,26.783,13.7731
1789813258,10862.7712,-0.0,10862.7712,8,26.783,13.7731
1789816809,10944.0281,-0.0,10944.0281,8,26.783,13.7731
1789820804,10917.1821,0.0,10917.1821,9,27.993,14.3781
1789824076,10950.1103,0.0,10950.1103,9,27.993,14.3781
1789827615,10999.0973,0.0,10999.0973,9,27.993,14.3781
1789831230,10986.3203,0.0,10986.3203,9,27.993,14.3781
1789834871,11034.9916,0.0,11034.9916,9,27.993,14.3781
1789838365,11107.5356,0.0,11107.5356,9,27.993,14.3781
1789842177,11028.3319,0.0,11028.3319,9,27.993,14.3781
1789845487,11015.6251,0.0,11015.6251,9,27.993,14.3781
1789849252,11023.211,0.0,11023.211,9,27.993,14.3781
1789852797,10935.4894,0.0,10935.4894,9,27.993,14.3781
1789856412,10873.0524,0.0,10873.0524,9,27.993,14.3781
1789859939,10986.1206,0.0,10986.1206,9,27.993,14.3781
1789864184,11065.6125,0.0,11065.6125,9,27.993,14.3781
1789867191,10969.1205,0.0,10969.1205,9,27.993,14.3781
1789870903,10918.5322,0.0,10918.5322,9,27.993,14.3781
1789874526,10766.5185,3945.7569,6820.7616,4,37.3127,19.3064
1789878133,10714.0759,10.5095,10703.5664,4,41.244,21.2711
1789881632,10729.1498,10.5095,10718.6403,4,41.244,21.2711
1789885550,10754.5583,10.5095,10744.0487,4,41.244,21.2711
1789888840,10743.9724,10.5095,10733.4628,4,41.244,21.2711
1789892534,10725.5137,10.5095,10715.0041,4,41.244,21.2711
1789896049,10757.1171,10.5095,10746.6076,4,41.244,21.2711
1789899642,10767.4372,10.5095,10756.9277,4,41.244,21.2711
1789903225,10791.7015,10.5095,10781.1919,4,41.244,21.2711
1789907133,10931.5406,10.5095,10921.0311,4,41.244,21.2711
1789910461,10982.1649,10.5095,10971.6553,4,41.244,21.2711
1789914066,11015.3205,10.5095,11004.8109,4,41.244,21.2711
1789917642,11203.6103,10.5095,11193.1007,4,41.244,21.2711
1789921304,11271.5631,1298.4543,9973.1088,8,51.2117,26.3036
1789924784,11344.3574,0.0,11344.3574,10,52.5088,26.9519
1789928573,11333.7282,0.0,11333.7282,10,52.5088,26.9519
1789931907,11302.1888,0.0,11302.1888,10,52.5088,26.9519
1789935638,11355.6755,0.0,11355.6755,10,52.5088,26.9519
1789939224,11296.0278,0.0,11296.0278,10,52.5088,26.9519
1789942850,11350.8351,0.0,11350.8351,10,52.5088,26.9519
1789946386,11374.3364,0.0,11374.3364,10,52.5088,26.9519
1789950571,11547.9585,0.0,11547.9585,10,52.5088,26.9519
1789953663,11593.7397,0.0,11593.7397,10,52.5088,26.9519
1789957347,11423.5492,0.0,11423.5492,10,52.5088,26.9519
1789960978,11465.7221,0.0,11465.7221,10,52.5088,26.9519
1789964598,11416.6095,0.0,11416.6095,10,52.5088,26.9519
1789968130,11452.7333,0.0,11452.7333,10,52.5088,26.9519
1789972171,11478.1465,0.0,11478.1465,10,52.5088,26.9519
1789975440,11424.5515,0.0,11424.5515,10,52.5088,26.9519
1789979060,11490.1617,0.0,11490.1617,10,52.5088,26.9519
1789982611,11666.5805,0.0,11666.5805,10,52.5088,26.9519
1789986158,11756.3472,0.0,11756.3472,10,52.5088,26.9519
1789989754,11847.0576,0.0,11847.0576,10,52.5088,26.9519
1789993545,11867.8364,0.0,11867.8364,10,52.5088,26.9519
1789996922,11954.386,0.0,11954.386,10,52.5088,26.9519
1790000581,11886.9375,0.0,11886.9375,10,52.5088,26.9519
1790004041,11889.8926,0.0,11889.8926,10,52.5088,26.9519
1790007770,11932.0101,0.0,11932.0101,10,52.5088,26.9519
1790011165,11836.3771,0.0,11836.3771,10,52.5088,26.9519
1790015065,11856.1125,0.0,11856.1125,10,52.5088,26.9519
1790018471,11897.7657,0.0,11897.7657,10,52.5088,26.9519
1790022113,12038.4558,0.0,12038.4558,10,52.5088,26.9519
1790025679,11988.5513,0.0,11988.5513,10,52.5088,26.9519
1790029293,12074.6746,0.0,12074.6746,10,52.5088,26.9519
1790032868,12062.2267,0.0,12062.2267,10,52.5088,26.9519
1790036883,12034.1325,0.0,12034.1325,10,52.5088,26.9519
1790039987,11860.3173,0.0,11860.3173,10,52.5088,26.9519
1790043736,11894.2274,0.0,11894.2274,10,52.5088,26.9519
1790047348,11852.2925,0.0,11852.2925,10,52.5088,26.9519
1790050951,11926.9549,0.0,11926.9549,10,52.5088,26.9519
1790054477,11747.703,-0.0,11747.703,9,55.1556,28.2752
1790058437,11775.4297,-0.0,11775.4297,9,55.1556,28.2752
1790061741,11762.7687,-0.0,11762.7687,9,55.1556,28.2752
1790065424,11781.9287,-0.0,11781.9287,9,55.1556,28.2752
1790068913,11838.3997,-0.0,11838.3997,9,55.1556,28.2752
1790072596,11798.939,-0.0,11798.939,9,55.1556,28.2752
1790076092,11822.126,-0.0,11822.126,9,55.1556,28.2752
1790080002,11800.6017,-0.0,11800.6017,9,55.1556,28.2752
1790083402,11935.9554,-0.0,11935.9554,9,55.1556,28.2752
1790086980,11966.471,-0.0,11966.471,9,55.1556,28.2752
1790090545,11979.1736,-0.0,11979.1736,9,55.1556,28.2752
1790094185,11864.3919,-0.0,11864.3919,9,55.1556,28.2752
1790097661,11960.4805,-0.0,11960.4805,9,55.1556,28.2752
1790101575,11979.9639,-0.0,11979.9639,9,55.1556,28.2752
1790104812,12076.3138,-0.0,12076.3138,9,55.1556,28.2752
1790108452,11996.4663,-0.0,11996.4663,9,55.1556,28.2752
1790112013,11994.5155,-0.0,11994.5155,9,55.1556,28.2752
1790115726,11991.689,-0.0,11991.689,9,55.1556,28.2752
1790119187,12119.2537,-0.0,12119.2537,9,55.1556,28.2752
1790123229,12104.0945,-0.0,12104.0945,9,55.1556,28.2752
1790126449,12135.289,-0.0,12135.289,9,55.1556,28.2752
1790130137,12084.3671,-0.0,12084.3671,9,55.1556,28.2752
1790133766,12173.477,-0.0,12173.477,9,55.1556,28.2752
1790137391,12282.8975,-0.0,12282.8975,9,55.1556,28.2752
1790140886,12187.9967,-0.0,12187.9967,9,55.1556,28.2752
1790144869,12159.656,-0.0,12159.656,9,55.1556,28.2752
1790148191,12159.441,-0.0,12159.441,9,55.1556,28.2752
1790151827,12103.0649,-0.0,12103.0649,9,55.1556,28.2752
1790155367,12035.9598,-0.0,12035.9598,9,55.1556,28.2752
1790158964,11960.2691,-0.0,11960.2691,9,55.1556,28.2752
1790162534,11914.9651,-0.0,11914.9651,9,55.1556,28.2752
1790166441,11882.3055,303.2779,11579.0276,8,55.4592,28.4271
1790169848,11860.57,303.2779,11557.292,8,55.4592,28.4271
1790173423,11465.0892,11465.0892,0,0,66.6322,34.624
1790176988,11465.0892,11465.0892,0,0,66.6322,34.624
1790180644,11465.0892,11465.0892,0,0,66.6322,34.624
1790184136,11465.0892,11465.0892,0,0,66.6322,34.624
1790187932,11465.0892,11465.0892,0,0,66.6322,34.624
1790191278,11465.0892,11465.0892,0,0,66.6322,34.624
1790194965,11465.0892,11465.0892,0,0,66.6322,34.624
1790198525,11465.0892,11465.0892,0,0,66.6322,34.624
1790202077,11465.0892,11465.0892,0,0,66.6322,34.624
1790205509,11465.0892,11465.0892,0,0,66.6322,34.624
1790209743,11460.7905,8595.9506,2864.8399,1,69.4984,36.0564
1790212857,11453.4205,8595.9506,2857.4699,1,69.4984,36.0564
1790216531,11493.725,8595.9506,2897.7744,1,69.4984,36.0564
1790220140,11679.1254,8595.9506,3083.1748,1,69.4984,36.0564
1790223766,11707.9143,8595.9506,3111.9637,1,69.4984,36.0564
1790227333,11730.0242,8595.9506,3134.0736,1,69.4984,36.0564
1790231253,11719.4299,8595.9506,3123.4792,1,69.4984,36.0564
1790234578,11730.7151,8595.9506,3134.7645,1,69.4984,36.0564
1790238265,11772.4014,8595.9506,3176.4508,1,69.4984,36.0564
1790241840,11705.1506,8595.9506,3109.2,1,69.4984,36.0564
1790245375,11680.7376,8595.9506,3084.787,1,69.4984,36.0564
1790248941,11659.7793,8595.9506,3063.8287,1,69.4984,36.0564
1790252860,11643.6575,8595.9506,3047.7069,1,69.4984,36.0564
1790256240,11787.3716,8595.9506,3191.421,1,69.4984,36.0564
1790259827,11984.629,5595.6723,6388.9567,2,72.4957,37.5543
1790263461,11982.954,5595.6723,6387.2817,2,72.4957,37.5543
1790267057,12054.3619,3038.2016,9016.1603,3,81.127,41.8693
1790270493,12026.1943,3038.2016,8987.9927,3,81.127,41.8693
1790274339,11921.6977,3038.2016,8883.4961,3,81.127,41.8693
1790277656,11867.1649,67.3297,11799.8352,4,84.0949,43.3525
1790281435,11873.5429,67.3297,11806.2131,4,84.0949,43.3525
1790284923,11946.2605,67.3297,11878.9308,4,84.0949,43.3525
1790288555,11829.4491,67.3297,11762.1193,4,84.0949,43.3525
1790292038,11916.6847,2648.9154,9267.7693,3,86.6791,44.6453
1790296226,11907.0258,2648.9154,9258.1103,3,86.6791,44.6453
1790299247,11994.6294,-0.0,11994.6294,4,89.3254,45.9677
1790302874,11946.9711,-0.0,11946.9711,4,89.3254,45.9677
1790306482,11867.087,-0.0,11867.087,4,89.3254,45.9677
1790310197,11864.3899,-0.0,11864.3899,4,89.3254,45.9677
1790313703,11874.516,-0.0,11874.516,4,89.3254,45.9677
1790317673,11887.7211,-0.0,11887.7211,4,89.3254,45.9677
1790321023,11941.7988,-0.0,11941.7988,4,89.3254,45.9677
1790324671,12078.4672,-0.0,12078.4672,4,89.3254,45.9677
1790328239,12083.2422,-0.0,12083.2422,4,89.3254,45.9677
1790331771,12051.1268,-0.0,12051.1268,4,89.3254,45.9677
1790335355,12220.7098,-0.0,12220.7098,5,93.6816,48.1459
1790339270,12169.084,-0.0,12169.084,6,95.125,48.8947
1790342655,12187.2636,-0.0,12187.2636,6,95.125,48.8947
1790346257,12060.2301,-0.0,12060.2301,6,95.125,48.8947
1790349850,12138.4007,-0.0,12138.4007,6,95.125,48.8947
1790353468,12123.3302,-0.0,12123.3302,6,95.125,48.8947
1790356918,12106.3088,-0.0,12106.3088,6,95.125,48.8947
1790360650,12187.1425,-0.0,12187.1425,6,95.125,48.8947
1790364042,12167.386,-0.0,12167.386,6,95.125,48.8947
1790367656,12191.6909,264.092,11927.5989,5,98.8161,50.8703
1790371313,12117.0214,264.092,11852.9294,5,98.8161,50.8703
1790374905,12225.0917,264.092,11960.9997,5,98.8161,50.8703
1790378419,12323.1932,264.092,12059.1012,5,98.8161,50.8703
1790382482,12292.8618,264.092,12028.7697,5,98.8161,50.8703
1790385620,12415.4221,264.092,12151.3301,5,98.8161,50.8703
1790389303,12379.2952,264.092,12115.2032,5,98.8161,50.8703
1790392896,12268.0817,264.092,12003.9897,5,98.8161,50.8703
1790396532,12323.8882,1176.664,11147.2242,4,102.8036,52.8643
1790400054,12294.6156,1176.664,11117.9516,4,102.8036,52.8643
1790403983,12275.1628,1176.664,11098.4988,4,102.8036,52.8643
1790407268,12366.1478,1176.664,11189.4838,4,102.8036,52.8643
1790410997,12301.9113,1176.664,11125.2473,4,102.8036,52.8643
1790414466,12290.4379,1176.664,11113.7739,4,102.8036,52.8643
1790418066,12403.3654,1176.664,11226.7013,4,102.8036,52.8643
1790421632,12395.1048,-0.0,12395.1048,5,105.241,54.0827
1790425538,12397.905,-0.0,12397.905,5,105.241,54.0827
1790428846,12341.6448,-0.0,12341.6448,5,105.241,54.0827
1790432499,12368.7358,-0.0,12368.7358,5,105.241,54.0827
1790436093,12484.461,-0.0,12484.461,7,112.0958,57.5398
1790439758,12482.3757,-0.0,12482.3757,7,112.0958,57.5398
1790443239,12418.9119,-0.0,12418.9119,7,112.0958,57.5398
1790447060,12359.1288,-0.0,12359.1288,7,112.0958,57.5398
1790450379,12317.7248,-0.0,12317.7248,7,112.0958,57.5398
1790454077,12216.9868,-0.0,12216.9868,7,112.0958,57.5398
1790457700,12220.3186,-0.0,12220.3186,7,112.0958,57.5398
1790461296,12263.2037,-0.0,12263.2037,7,112.0958,57.5398
1790464835,12313.4631,-0.0,12313.4631,7,112.0958,57.5398
1790469033,12281.4428,-0.0,12281.4428,7,112.0958,57.5398
1790472060,12237.4491,-0.0,12237.4491,7,112.0958,57.5398
1790475763,12316.2892,-0.0,12316.2892,7,112.0958,57.5398
1790479363,12227.5989,-0.0,12227.5989,7,112.0958,57.5398
1790482975,12221.7273,-0.0,12221.7273,7,112.0958,57.5398
1790486468,12239.5134,-0.0,12239.5134,7,112.0958,57.5398
1790490427,12349.5565,-0.0,12349.5565,7,112.0958,57.5398
1790493722,12397.7354,-0.0,12397.7354,7,112.0958,57.5398
1790497359,12506.5766,-0.0,12506.5766,7,112.0958,57.5398
1790500913,12412.3853,-0.0,12412.3853,7,112.0958,57.5398
1790504481,12463.9623,-0.0,12463.9623,7,112.0958,57.5398
1790508102,12394.1551,-0.0,12394.1551,7,112.0958,57.5398
1790511996,12435.5874,-0.0,12435.5874,7,112.0958,57.5398
1790515252,12301.272,-0.0,12301.272,7,112.0958,57.5398
1790518844,12324.6845,-0.0,12324.6845,7,112.0958,57.5398
1790522480,12251.7738,1757.7994,10493.9743,6,113.8553,58.42
1790526148,12333.3089,1757.7994,10575.5095,6,113.8553,58.42
1790529621,12302.8094,1757.7994,10545.01,6,113.8553,58.42
1790533470,12376.3811,1757.7994,10618.5817,6,113.8553,58.42
1790536818,12387.452,1757.7994,10629.6525,6,113.8553,58.42
1790540517,12354.774,1757.7994,10596.9745,6,113.8553,58.42
1790544061,12367.3248,1757.7994,10609.5254,6,113.8553,58.42
1790547742,12258.1644,1757.7994,10500.365,6,113.8553,58.42
1790551223,12269.9364,1757.7994,10512.137,6,113.8553,58.42
1790555512,12356.8177,1757.7994,10599.0182,6,113.8553,58.42
1790558541,12332.6769,1757.7994,10574.8775,6,113.8553,58.42
1790562212,12249.9634,1757.7994,10492.164,6,113.8553,58.42
1790565871,12167.2175,-0.0,12167.2175,5,119.0494,61.0563
1790569485,12142.1293,-0.0,12142.1293,5,119.0494,61.0563
1790573042,11987.0619,-0.0,11987.0619,5,119.0494,61.0563
1790577080,11953.8588,4746.1308,7207.728,3,123.8003,63.4329
1790580366,11897.3604,5946.606,5950.7544,2,127.39,65.2722
1790584032,11883.5809,11883.5809,0,0,133.3329,68.5417
1790587625,11883.5809,11883.5809,0,0,133.3329,68.5417
1790591130,11883.5809,11883.5809,0,0,133.3329,68.5417
1790594612,11883.5809,11883.5809,0,0,133.3329,68.5417
1790598592,11879.1253,8909.7148,2969.4105,1,136.3038,70.0264
1790601927,11803.7529,5954.7177,5849.0352,2,139.2558,71.5017
1790605646,11716.4803,11716.4803,0,0,145.0234,74.9357
1790609193,11716.4803,11716.4803,0,0,145.0234,74.9357
1790612818,11716.4803,11716.4803,0,0,145.0234,74.9357
1790616215,11716.4803,11716.4803,0,0,145.0234,74.9357
1790620002,11716.4803,11716.4803,0,0,145.0234,74.9357
1790623394,11716.4803,11716.4803,0,0,145.0234,74.9357
1790626952,11716.4803,11716.4803,0,0,145.0234,74.9357
1790630582,11716.4803,11716.4803,0,0,145.0234,74.9357
1790634132,11716.4803,11716.4803,0,0,145.0234,74.9357
1790637735,11716.4803,11716.4803,0,0,145.0234,74.9357
1790641793,11711.9937,8784.4311,2927.5626,1,147.9525,76.4932
1790644971,11661.3999,8784.4311,2876.9688,1,147.9525,76.4932
1790648509,11619.9849,8784.4311,2835.5538,1,147.9525,76.4932
1790652268,11593.8708,8784.4311,2809.4397,1,147.9525,76.4932
1790655840,11555.4395,8784.4311,2771.0083,1,147.9525,76.4932
1790659412,11562.7268,8784.4311,2778.2957,1,147.9525,76.4932
1790663348,11577.9732,8784.4311,2793.5421,1,147.9525,76.4932
1790666734,11631.195,5872.5588,5758.6362,2,150.8614,78.2427
1790670374,11684.9979,5872.5588,5812.4391,2,150.8614,78.2427
1790673940,11712.5341,5872.5588,5839.9752,2,150.8614,78.2427
1790677547,11774.6255,2924.8536,8849.7719,3,153.8062,79.7143
1790681011,11754.6338,2924.8536,8829.7802,3,153.8062,79.7143
1790685035,11842.1019,2924.8536,8917.2483,3,153.8062,79.7143
1790688520,11805.5001,2924.8536,8880.6465,3,153.8062,79.7143
1790691955,11708.7752,2924.8536,8783.9216,3,153.8062,79.7143
1790695607,11502.3791,2924.8536,8577.5255,3,153.8062,79.7143
1790699206,11534.0068,2924.8536,8609.1532,3,153.8062,79.7143
1790702605,11451.1885,2924.8536,8526.3349,3,153.8062,79.7143
1790706494,11484.1711,5662.2976,5821.8735,2,156.5464,81.0851
1790709884,11529.9535,5662.2976,5867.6558,2,156.5464,81.0851
1790713513,11552.376,5662.2976,5890.0784,2,156.5464,81.0851
1790717011,11540.6009,5662.2976,5878.3032,2,156.5464,81.0851
1790720599,11549.9981,5662.2976,5887.7005,2,156.5464,81.0851
1790724099,11544.2553,5662.2976,5881.9576,2,156.5464,81.0851
1790728335,11524.3035,5662.2976,5862.0059,2,156.5464,81.0851
1790731485,11533.6888,5662.2976,5871.3912,2,156.5464,81.0851
1790734979,11509.7799,8555.845,2953.9349,1,159.4428,82.534
1790738707,11480.0601,8555.845,2924.2151,1,159.4428,82.534
1790742323,11501.2143,8555.845,2945.3694,1,159.4428,82.534
1790745876,11490.3128,8555.845,2934.4678,1,159.4428,82.534
1790749777,11454.7529,8555.845,2898.9079,1,159.4428,82.534
1790753221,11442.5535,8555.845,2886.7086,1,159.4428,82.534
1790756833,11433.4689,8555.845,2877.6239,1,159.4428,82.534
1790760294,11458.3868,8555.845,2902.5418,1,159.4428,82.534
1790763934,11455.272,8555.845,2899.4271,1,159.4428,82.534
1790767380,11448.5234,8555.845,2892.6785,1,159.4428,82.534
1790771594,11483.8238,8555.845,2927.9788,1,159.4428,82.534
1790774841,11481.3343,5681.5634,5799.7709,2,162.3142,83.969
1790778481,11289.7069,5681.5634,5608.1435,2,162.3142,83.969
1790782116,11246.5977,11246.5977,0,0,167.8848,86.9053
1790785677,11246.5977,11246.5977,0,0,167.8848,86.9053
1790789099,11246.5977,11246.5977,0,0,167.8848,86.9053
1790792805,11246.5977,11246.5977,0,0,167.8848,86.9053
1790796301,11246.5977,11246.5977,0,0,167.8848,86.9053
1790799874,11246.5977,11246.5977,0,0,167.8848,86.9053
1790803485,11246.5977,11246.5977,0,0,167.8848,86.9053
1790807056,11246.5977,11246.5977,0,0,167.8848,86.9053
1790810520,11246.5977,11246.5977,0,0,167.8848,86.9053
1790814801,11246.5977,11246.5977,0,0,167.8848,86.9053
1790817911,11246.5977,11246.5977,0,0,167.8848,86.9053
1790821430,11242.381,8432.1366,2810.2443,1,170.6965,88.3104
1790825120,11231.358,2806.6235,8424.7345,3,176.3164,91.1189
1790828746,11261.47,0.0,11261.47,5,182.5202,94.2201
1790832265,11264.9214,0.0,11264.9214,5,182.5202,94.2201
1790836387,11246.944,-0.0,11246.944,8,190.9564,98.4382
1790839636,11103.0632,-0.0,11103.0632,8,190.9564,98.4382
1790843381,11098.4705,-0.0,11098.4705,8,190.9564,98.4382
1790846787,11138.0289,-0.0,11138.0289,8,190.9564,98.4382
1790850376,11066.5255,-0.0,11066.5255,8,190.9564,98.4382
1790853874,11103.2968,-0.0,11103.2968,8,190.9564,98.4382
1790857910,11128.2066,-0.0,11128.2066,8,190.9564,98.4382
1790861357,11018.8077,-0.0,11018.8077,4,201.893,103.9065
1790864866,11087.2695,-0.0,11087.2695,4,201.893,103.9065
1790868383,11055.5129,-0.0,11055.5129,4,201.893,103.9065
1790871889,11047.9914,-0.0,11047.9914,4,201.893,103.9065
1790875496,11093.2691,2750.7056,8342.5636,3,204.6464,105.2839
1790879370,11094.8881,2750.7056,8344.1825,3,204.6464,105.2839
1790882664,11072.0078,-0.0,11072.0078,4,207.3944,106.6572
1790886328,11081.5971,-0.0,11081.5971,6,214.7821,110.3511
1790889823,11038.4689,-0.0,11038.4689,6,214.7821,110.3511
1790893337,11036.9467,-0.0,11036.9467,6,214.7821,110.3511
1790896869,11029.3723,-0.0,11029.3723,6,214.7821,110.3511
1790901105,11029.6809,-0.0,11029.6809,6,214.7821,110.3511
1790904266,10993.0722,-0.0,10993.0722,6,214.7821,110.3511
1790907764,11042.2754,-0.0,11042.2754,6,214.7821,110.3511
1790911496,11071.1084,-0.0,11071.1084,9,222.1629,114.0415
1790915090,11230.9727,-0.0,11230.9727,9,222.1629,114.0415
1790918606,11265.1617,-0.0,11265.1617,9,222.1629,114.0415
1790922576,11249.8672,-0.0,11249.8672,9,222.1629,114.0415
1790925989,11218.7343,-0.0,11218.7343,9,222.1629,114.0415
1790929610,11330.93,1245.5375,10085.3924,8,223.4096,114.6652
1790933169,11295.542,1245.5375,10050.0045,8,223.4096,114.6652
1790936655,11248.9036,1245.5375,10003.3661,8,223.4096,114.6652
1790940212,11289.59,1245.5375,10044.0525,8,223.4096,114.6652
1790944209,11314.989,1245.5375,10069.4515,8,223.4096,114.6652
1790947599,11307.7572,1245.5375,10062.2197,8,223.4096,114.6652
1790951221,11269.7846,2498.6568,8771.1278,7,224.664,115.2927
1790954807,11196.1475,2498.6568,8697.4907,7,224.664,115.2927
1790958296,11184.358,2498.6568,8685.7012,7,224.664,115.2927
1790961881,11155.3587,2498.6568,8656.7019,7,224.664,115.2927
1790965714,11046.3075,2498.6568,8547.6507,7,224.664,115.2927
1790969085,10901.2827,2717.0249,8184.2578,3,233.9759,120.0684
1790972588,10922.5532,2717.0249,8205.5284,3,233.9759,120.0684
1790976218,10950.6873,5442.1723,5508.5149,2,236.7038,121.433
1790979781,10954.3377,5442.1723,5512.1654,2,236.7038,121.433
1790983238,10947.6259,5442.1723,5505.4536,2,236.7038,121.433
1790987398,11013.7829,5442.1723,5571.6106,2,236.7038,121.433
1790990604,11001.9611,5442.1723,5559.7888,2,236.7038,121.433
1790994293,10980.1375,5442.1723,5537.9652,2,236.7038,121.433
1790998110,10946.9709,5442.1723,5504.7986,2,236.7038,121.433
1791001477,10927.9338,5442.1723,5485.7614,2,236.7038,121.433
1791005546,10945.7625,5442.1723,5503.5902,2,236.7038,121.433
1791009043,10955.4477,5442.1723,5513.2754,2,236.7038,121.433
1791012305,10941.3351,2703.0762,8238.2589,3,239.4402,122.8005
1791015879,10938.6053,2703.0762,8235.5291,3,239.4402,122.8005
1791019480,10931.4911,2703.0762,8228.4149,3,239.4402,122.8005
1791022960,10935.5191,2703.0762,8232.4429,3,239.4402,122.8005
1791037929,10967.339,5438.0875,5529.2515,2,242.1779,124.1701
1791054161,10931.6828,-0.0,10931.6828,4,247.6106,126.885
1791078430,10970.6273,-0.0,10970.6273,4,247.6106,126.885
1791081247,10994.5749,-0.0,10994.5749,4,247.6106,126.885
1791091017,10990.791,-0.0,10990.791,4,247.6106,126.885
1791116758,11039.1464,-0.0,11039.1464,4,247.6106,126.885
1791138108,11054.7019,-0.0,11054.7019,5,251.081,128.6203
1791149082,11039.4984,0.0,11039.4984,7,257.0776,131.6186
1791152592,11124.7873,0.0,11124.7873,7,257.0776,131.6186
1791156114,11156.8698,0.0,11156.8698,7,257.0776,131.6186
1791160440,11061.3773,0.0,11061.3773,7,257.0776,131.6186
1791163483,11166.4787,0.0,11166.4787,7,257.0776,131.6186
1791167082,11157.1808,0.0,11157.1808,7,257.0776,131.6186
1791170794,11134.2736,0.0,11134.2736,7,257.0776,131.6186
1791174440,11113.7551,0.0,11113.7551,7,257.0776,131.6186
1791178112,11037.6871,5512.4024,5525.2847,2,267.1961,136.6792
1791182171,11105.1956,5512.4024,5592.7932,2,267.1961,136.6792
1791185280,11104.4256,5512.4024,5592.0232,2,267.1961,136.6792
1791188941,11121.2526,5512.4024,5608.8502,2,267.1961,136.6792
1791192608,11098.5086,5512.4024,5586.1062,2,267.1961,136.6792
1791196038,11149.3467,5512.4024,5636.9443,2,267.1961,136.6792
1791199524,11142.8942,5512.4024,5630.4918,2,267.1961,136.6792
1791203496,11133.5823,5512.4024,5621.1799,2,267.1961,136.6792
1791207048,11165.2012,5512.4024,5652.7988,2,267.1961,136.6792
1791210621,11158.6492,5512.4024,5646.2469,2,267.1961,136.6792
1791214100,11118.2249,5512.4024,5605.8225,2,267.1961,136.6792
1791217651,11000.0889,8281.5665,2718.5224,1,269.9681,138.0659
1791221072,11028.3147,8281.5665,2746.7482,1,269.9681,138.0659
1791225021,11023.449,5521.9137,5501.5353,2,272.725,139.4436
1791226800,11005.4717,9.5415,10995.9302,4,278.2318,142.1957
1791230400,11008.3979,-0.0,11008.3979,5,280.4593,143.3094
1791235939,11068.6426,257.4117,10811.2309,8,289.0365,147.5981
1791239003,11111.5212,0.0,11111.5212,9,289.2936,147.7266
1791242514,11079.1023,0.0,11079.1023,9,289.2936,147.7266
1791246880,11073.3536,0.0,11073.3536,9,289.2936,147.7266
1791249907,11058.6124,243.1255,10815.4869,8,291.7932,148.9764
1791253458,11050.8951,243.1255,10807.7696,8,291.7932,148.9764
1791257065,11026.5131,243.1255,10783.3876,8,291.7932,148.9764
1791260755,11040.4047,243.1255,10797.2792,8,291.7932,148.9764
1791264269,11077.9831,243.1255,10834.8576,8,291.7932,148.9764
1791268211,11009.8408,243.1255,10766.7153,8,291.7932,148.9764
1791271606,11023.4737,243.1255,10780.3482,8,291.7932,148.9764
1791275204,11101.038,243.1255,10857.9125,8,291.7932,148.9764
1791278789,11108.3583,243.1255,10865.2328,8,291.7932,148.9764
1791282320,11124.3672,-0.0,11124.3672,9,292.036,149.0978
1791285872,11158.4958,-0.0,11158.4958,9,292.036,149.0978
1791289833,11139.2355,-0.0,11139.2355,9,292.036,149.0978
1791293229,11108.849,-0.0,11108.849,9,292.036,149.0978
1791296830,11113.4167,-0.0,11113.4167,9,292.036,149.0978
1791300346,11148.2314,-0.0,11148.2314,9,292.036,149.0978
1791304071,11088.6875,-0.0,11088.6875,9,292.036,149.0978
1791307387,11059.9689,-0.0,11059.9689,9,292.036,149.0978
1791311237,11079.5091,-0.0,11079.5091,9,292.036,149.0978
1791314606,11021.8673,-0.0,11021.8673,9,292.036,149.0978
1791318332,11064.9943,-0.0,11064.9943,9,292.036,149.0978
1791321827,11041.7079,-0.0,11041.7079,9,292.036,149.0978
1791325433,11041.0255,-0.0,11041.0255,9,292.036,149.0978
1791328988,11049.8793,237.4697,10812.4096,8,292.2738,149.2167
1791333342,11014.0836,237.4697,10776.6139,8,292.2738,149.2167
1791336318,10978.4968,237.4697,10741.0271,8,292.2738,149.2167
1791339887,10620.2402,-0.0,10620.2402,4,302.4124,154.2878
1791343550,10609.2932,10609.2932,0,0,313.0323,159.6004
1791347168,10609.2932,10609.2932,0,0,313.0323,159.6004
1791350767,10609.2932,10609.2932,0,0,313.0323,159.6004
1791354590,10609.2932,10609.2932,0,0,313.0323,159.6004
1791358082,10609.2932,10609.2932,0,0,313.0323,159.6004
1791361738,10605.3154,7954.3176,2650.9978,1,315.6846,160.9259
1791365212,10580.8784,7954.3176,2626.5608,1,315.6846,160.9259
1791368827,10576.2326,10576.2326,0,0,318.3091,162.2388
1791372312,10576.2326,10576.2326,0,0,318.3091,162.2388
1791376368,10576.2326,10576.2326,0,0,318.3091,162.2388
1791379694,10576.2326,10576.2326,0,0,318.3091,162.2388
1791383249,10576.2326,10576.2326,0,0,318.3091,162.2388
1791387399,10576.2326,10576.2326,0,0,318.3091,162.2388
1791390517,10576.2326,10576.2326,0,0,318.3091,162.2388
1791394018,10576.2326,10576.2326,0,0,318.3091,162.2388
1791397771,10576.2326,10576.2326,0,0,318.3091,162.2388
1791401155,10576.2326,10576.2326,0,0,318.3091,162.2388
1791404768,10576.2326,10576.2326,0,0,318.3091,162.2388
1791408337,10576.2326,10576.2326,0,0,318.3091,162.2388
1791411751,10576.2326,10576.2326,0,0,318.3091,162.2388
1791415285,10576.2326,10576.2326,0,0,318.3091,162.2388
1791419652,10576.2326,10576.2326,0,0,318.3091,162.2388
1791422726,10576.2326,10576.2326,0,0,318.3091,162.2388
1791426220,10576.2326,10576.2326,0,0,318.3091,162.2388
1791429958,10576.2326,10576.2326,0,0,318.3091,162.2388
1791433594,10576.2326,10576.2326,0,0,318.3091,162.2388
1791437147,10576.2326,10576.2326,0,0,318.3091,162.2388
1791441155,10576.2326,10576.2326,0,0,318.3091,162.2388
1791444490,10576.2326,10576.2326,0,0,318.3091,162.2388
1791448098,10576.2326,10576.2326,0,0,318.3091,162.2388
1791451632,10576.2326,10576.2326,0,0,318.3091,162.2388
1791455301,10576.2326,10576.2326,0,0,318.3091,162.2388
1791458776,10576.2326,10576.2326,0,0,318.3091,162.2388
1791462784,10576.2326,10576.2326,0,0,318.3091,162.2388
1791466164,10576.2326,10576.2326,0,0,318.3091,162.2388
1791469751,10576.2326,10576.2326,0,0,318.3091,162.2388
1791473282,10576.2326,10576.2326,0,0,318.3091,162.2388
1791476975,10576.2326,10576.2326,0,0,318.3091,162.2388
1791480344,10576.2326,10576.2326,0,0,318.3091,162.2388
1791484128,10576.2326,10576.2326,0,0,318.3091,162.2388
1791487583,10576.2326,10576.2326,0,0,318.3091,162.2388
1791491252,10576.2326,10576.2326,0,0,318.3091,162.2388
1791494755,10576.2326,10576.2326,0,0,318.3091,162.2388
1791498349,10576.2326,10576.2326,0,0,318.3091,162.2388
1791501852,10576.2326,10576.2326,0,0,318.3091,162.2388
1791506266,10576.2326,10576.2326,0,0,318.3091,162.2388
1791509184,10576.2326,10576.2326,0,0,318.3091,162.2388
1791512654,10576.2326,10576.2326,0,0,318.3091,162.2388
1791516373,10576.2326,10576.2326,0,0,318.3091,162.2388
1791520018,10576.2326,10576.2326,0,0,318.3091,162.2388
1791523580,10576.2326,10576.2326,0,0,318.3091,162.2388
1791527523,10576.2326,10576.2326,0,0,318.3091,162.2388
1791530846,10576.2326,10576.2326,0,0,318.3091,162.2388
1791534496,10576.2326,10576.2326,0,0,318.3091,162.2388
1791538064,10576.2326,10576.2326,0,0,318.3091,162.2388
1791541660,10576.2326,10576.2326,0,0,318.3091,162.2388
1791545107,10576.2326,10576.2326,0,0,318.3091,162.2388
1791549000,10576.2326,10576.2326,0,0,318.3091,162.2388
1791552543,10576.2326,10576.2326,0,0,318.3091,162.2388
1791556218,10576.2326,10576.2326,0,0,318.3091,162.2388
1791559561,10576.2326,10576.2326,0,0,318.3091,162.2388
1791563152,10576.2326,10576.2326,0,0,318.3091,162.2388
1791566631,10576.2326,10576.2326,0,0,318.3091,162.2388
1791570468,10576.2326,10576.2326,0,0,318.3091,162.2388
1791573848,10576.2326,10576.2326,0,0,318.3091,162.2388
1791577433,10576.2326,10576.2326,0,0,318.3091,162.2388
1791581074,10576.2326,10576.2326,0,0,318.3091,162.2388
1791584700,10572.2672,7929.5304,2642.7368,1,320.9532,163.5602
1791588214,10606.4569,7929.5304,2676.9265,1,320.9532,163.5602
1791592547,10616.0388,7929.5304,2686.5084,1,320.9532,163.5602
1791595508,10611.4656,7929.5304,2681.9352,1,320.9532,163.5602
1791599051,10713.4904,7929.5304,2783.96,1,320.9532,163.5602
1791602684,10698.3555,7929.5304,2768.8251,1,320.9532,163.5602
1791605440,10681.6961,7929.5304,2752.1658,1,320.9532,163.5602
1791609041,10698.1377,7929.5304,2768.6073,1,320.9532,163.5602
1791612639,10683.6561,7929.5304,2754.1257,1,320.9532,163.5602
1791616238,10654.3661,7929.5304,2724.8357,1,320.9532,163.5602
1791619840,10646.3087,7929.5304,2716.7783,1,320.9532,163.5602
1791623441,10689.3181,7929.5304,2759.7877,1,320.9532,163.5602
1791627041,10682.785,7929.5304,2753.2546,1,320.9532,163.5602
1791630642,10651.8618,7929.5304,2722.3314,1,320.9532,163.5602
1791634253,10647.2886,7929.5304,2717.7582,1,320.9532,163.5602
