time,open,high,low,close,vwap,volume,count
1787036400,0.7399,0.7402,0.7346,0.7358,0.7383,3884.27756792,68
1787040000,0.736,0.7365,0.7339,0.7356,0.7343,18502.11676819,100
1787043600,0.7354,0.7384,0.7349,0.7381,0.7365,680.35217352,30
1787047200,0.739,0.7404,0.738,0.7404,0.7397,2503.69557976,29
1787050800,0.7409,0.7413,0.7391,0.7391,0.7404,814.40010888,28
1787054400,0.7391,0.7395,0.7351,0.7355,0.7369,8300.69139362,45
1787058000,0.7359,0.7394,0.7359,0.739,0.7385,13257.46910693,77
1787061600,0.7389,0.749,0.7389,0.7465,0.7456,5872.65308398,157
1787065200,0.7461,0.7525,0.7451,0.7483,0.7498,10763.03888376,118
1787068800,0.7491,0.754,0.7481,0.7527,0.7533,30344.30872187,202
1787072400,0.7521,0.7521,0.7457,0.7482,0.7477,1055.92017741,43
1787076000,0.7482,0.7532,0.7474,0.7522,0.7502,3384.64285351,46
1787079600,0.7521,0.7522,0.7464,0.7464,0.7479,3645.58846126,45
1787083200,0.7462,0.7481,0.7442,0.7444,0.7462,3404.05636118,31
1787086800,0.7449,0.7502,0.7449,0.7499,0.7482,3733.64906747,41
1787090400,0.7496,0.7522,0.7492,0.7516,0.7501,7493.44957715,61
1787094000,0.7523,0.7571,0.7492,0.7507,0.753,11860.88801034,124
1787097600,0.7512,0.7512,0.7473,0.7492,0.749,17026.35380094,66
1787101200,0.7492,0.7555,0.7492,0.7551,0.7537,5990.58460375,96
1787104800,0.7541,0.7555,0.7521,0.7542,0.7532,9607.51483709,67
1787108400,0.7546,0.7547,0.7521,0.7541,0.7538,1567.1485359,41
1787112000,0.7541,0.7547,0.7521,0.7533,0.7535,2508.8292209,26
1787115600,0.7531,0.7568,0.7531,0.7568,0.756,14866.08375464,45
1787119200,0.7564,0.7659,0.7552,0.7641,0.7613,7300.62000032,98
1787122800,0.765,0.767,0.7592,0.7614,0.764,22702.58233581,132
1787126400,0.762,0.7622,0.759,0.7607,0.7602,7670.33538924,57
1787130000,0.7614,0.7652,0.7614,0.7652,0.7644,9807.98980466,47
1787133600,0.7656,0.777,0.7654,0.7763,0.7686,7967.82124387,89
1787137200,0.776,0.7774,0.7716,0.7754,0.7752,4654.50202541,121
1787140800,0.7761,0.7786,0.7761,0.7765,0.7777,33471.32297689,163
1787144400,0.7767,0.7767,0.7684,0.7696,0.7739,18880.92399618,161
1787148000,0.7689,0.7771,0.768,0.7755,0.7709,92650.35051108,242
1787151600,0.7751,0.7949,0.7742,0.7768,0.7878,133881.24443218,726
1787155200,0.7768,0.7818,0.7763,0.7792,0.7798,18831.96691649,185
1787158800,0.7789,0.7793,0.7701,0.7751,0.7724,33472.00803455,210
1787162400,0.7753,0.7776,0.7727,0.773,0.7757,9728.8746739,147
1787166000,0.773,0.78,0.7725,0.7799,0.7754,8242.23389031,152
1787169600,0.779,0.793,0.778,0.7898,0.7865,51576.05422579,243
1787173200,0.7892,0.8061,0.7884,0.8035,0.7992,58188.51409001,440
1787176800,0.8039,0.8064,0.7885,0.7919,0.7983,64402.65661538,302
1787180400,0.7918,0.7922,0.7864,0.7888,0.7876,10994.21878524,144
1787184000,0.7888,0.7934,0.7879,0.7903,0.7911,5435.97509988,177
1787187600,0.7905,0.7955,0.7885,0.7947,0.7936,17344.9083396,146
1787191200,0.7944,0.795,0.7883,0.7887,0.7905,1346.61515956,113
1787194800,0.7889,0.7889,0.7806,0.7827,0.7845,8993.09985259,202
1787198400,0.7826,0.7865,0.7821,0.7859,0.7855,9071.91809107,124
1787202000,0.7858,0.7889,0.7856,0.7876,0.7876,6310.76854246,115
1787205600,0.7876,0.793,0.7872,0.7918,0.7924,149284.66383989,221
1787209200,0.7919,0.7919,0.7854,0.7894,0.7885,6714.72792713,110
1787212800,0.7897,0.8059,0.7896,0.8046,0.8011,42596.88403767,286
1787216400,0.8046,0.8051,0.798,0.7986,0.8024,16600.91633497,175
1787220000,0.7985,0.8096,0.7983,0.8075,0.8079,13293.36454736,188
1787223600,0.8078,0.8199,0.8052,0.8196,0.8097,13993.78596853,259
1787227200,0.8196,0.8291,0.8176,0.8255,0.8241,99585.50150838,512
1787230800,0.8247,0.8301,0.8178,0.8246,0.8258,66215.29696052,339
1787234400,0.8254,0.8307,0.8245,0.8307,0.8275,59390.82412521,290
1787238000,0.8305,0.8377,0.8274,0.8357,0.8337,44718.29793806,349
1787241600,0.8362,0.8441,0.8328,0.8412,0.8393,47247.4651764,286
1787245200,0.8412,0.8456,0.8386,0.8439,0.8432,33944.57194635,254
1787248800,0.8445,0.847,0.829,0.8311,0.8373,38552.60562106,313
1787252400,0.8309,0.8363,0.8302,0.832,0.8313,45578.9523301,256
1787256000,0.8323,0.8406,0.832,0.8403,0.8365,3480.62647829,169
1787259600,0.8401,0.8434,0.8391,0.842,0.8413,3474.90019981,133
1787263200,0.8422,0.8428,0.8379,0.8408,0.8404,3191.06648002,147
1787266800,0.8401,0.85,0.84,0.8482,0.8479,14384.95186183,199
1787270400,0.848,0.851,0.842,0.8461,0.848,5969.55243957,169
1787274000,0.8459,0.8517,0.8429,0.8459,0.8485,14331.35049426,224
1787277600,0.8459,0.8459,0.8373,0.8418,0.8415,16236.54649288,183
1787281200,0.8412,0.8505,0.8387,0.8499,0.8428,8258.25007135,199
1787284800,0.8498,0.8519,0.8442,0.8449,0.8471,3434.77038233,162
1787288400,0.8449,0.8513,0.8422,0.8509,0.8443,10854.85379385,171
1787292000,0.8512,0.86,0.8477,0.8516,0.854,600627.71393174,733
1787295600,0.8517,0.8703,0.8512,0.8696,0.8626,108246.87258228,519
1787299200,0.8692,0.8955,0.8668,0.8939,0.8819,104880.97058476,619
1787302800,0.894,0.8946,0.8664,0.893,0.8816,128032.92480823,589
1787306400,0.893,0.9046,0.8831,0.8865,0.8932,153870.69675151,702
1787310000,0.8873,0.892,0.8743,0.8823,0.8838,37895.56109751,276
1787313600,0.8816,0.8972,0.8796,0.8929,0.8857,73848.09533312,276
1787317200,0.8924,0.8997,0.8854,0.8941,0.8907,47531.25343986,286
1787320800,0.8942,0.9024,0.889,0.9019,0.8985,117851.05707601,446
1787324400,0.9012,0.9046,0.8918,0.8993,0.9002,31471.70207805,282
1787328000,0.9002,0.9037,0.8931,0.8989,0.9012,20234.53114425,237
1787331600,0.8989,0.9091,0.8939,0.9073,0.9023,11444.4541825,248
1787335200,0.9075,0.9092,0.8904,0.8957,0.8975,64513.22722691,357
1787338800,0.8959,0.8987,0.8883,0.8919,0.8931,7598.89114425,208
1787342400,0.8919,0.9089,0.8886,0.9089,0.9028,21508.73325932,220
1787346000,0.909,0.929,0.9075,0.927,0.9165,26300.57354082,377
1787349600,0.9271,0.9464,0.9244,0.9434,0.9353,63591.4929725,413
1787353200,0.9443,0.9535,0.9338,0.94,0.945,69725.42001677,464
1787356800,0.9394,0.9663,0.9358,0.9652,0.9485,51806.35891732,538
1787360400,0.9652,0.9814,0.9631,0.9788,0.9752,75061.72221463,871
1787364000,0.9752,1.0011,0.9752,0.9967,0.9901,147282.21336392,983
1787367600,0.9968,1.0121,0.9923,1.0,1.0019,65102.65634653,555
1787371200,1.0001,1.0317,0.9974,1.0202,1.0178,328472.70805585,795
1787374800,1.0193,1.0254,0.8965,0.9649,0.9584,658394.79751175,2253
1787378400,0.9648,0.9659,0.9458,0.9594,0.9569,135022.71161916,422
1787382000,0.959,0.9632,0.9453,0.946,0.9548,32830.61336922,293
1787385600,0.9465,0.948,0.925,0.9312,0.9343,35788.61638925,391
1787389200,0.9323,0.9348,0.9198,0.9256,0.9274,18928.27624167,267
1787392800,0.9255,0.9266,0.9011,0.9198,0.912,65853.47086052,426
1787396400,0.9187,0.924,0.9138,0.9218,0.9176,19778.57950548,187
1787400000,0.9221,0.933,0.9194,0.9272,0.9285,8879.45544847,216
1787403600,0.9263,0.9327,0.9239,0.9321,0.9289,28286.72676217,190
1787407200,0.9311,0.9326,0.9188,0.923,0.9296,40373.73317776,349
1787410800,0.9226,0.926,0.9156,0.923,0.9213,2592.67308677,170
1787414400,0.923,0.9386,0.9178,0.936,0.9361,71171.27514044,345
1787418000,0.9355,0.9386,0.9296,0.935,0.9357,28996.28840115,295
1787421600,0.9354,0.9365,0.9239,0.9292,0.9286,19422.69099141,255
1787425200,0.9291,0.9372,0.9277,0.934,0.9333,4714.5151719,176
1787428800,0.9335,0.9373,0.9295,0.9311,0.9324,15376.02878375,185
1787432400,0.9311,0.9311,0.9073,0.9091,0.9209,17587.71560167,238
1787436000,0.9081,0.922,0.9059,0.9186,0.918,12396.9103267,216
1787439600,0.9191,0.923,0.9141,0.9202,0.9186,1746.81516848,124
1787443200,0.92,0.9339,0.9192,0.9302,0.9225,16208.20529907,190
1787446800,0.9302,0.9302,0.9206,0.9212,0.9256,6851.13275064,166
1787450400,0.9211,0.9216,0.9075,0.908,0.9118,24489.28377354,214
1787454000,0.9081,0.9094,0.8875,0.8886,0.8969,41479.69309109,293
1787457600,0.8891,0.8925,0.8762,0.8806,0.8833,17789.14345518,274
1787461200,0.8791,0.8934,0.8771,0.8829,0.8838,24369.48952442,275
1787464800,0.8821,0.8912,0.8796,0.8846,0.8849,3975.45340108,170
1787468400,0.8852,0.8951,0.8846,0.8911,0.8917,3829.03549463,162
1787472000,0.8911,0.9014,0.891,0.8975,0.8983,13962.0868375,259
1787475600,0.8973,0.901,0.8946,0.8973,0.8977,12586.46036562,178
1787479200,0.8975,0.9099,0.8974,0.9058,0.9081,38333.41780012,261
1787482800,0.9062,0.9193,0.9062,0.9186,0.9135,9799.48710761,453
1787486400,0.9181,0.9242,0.9148,0.9237,0.9203,8075.68128,286
1787490000,0.9236,0.9352,0.9236,0.9345,0.9315,11173.66055773,235
1787493600,0.9345,0.9368,0.9118,0.9231,0.9266,26003.53427419,285
1787497200,0.9235,0.9331,0.9206,0.9273,0.9259,9705.63421985,205
1787500800,0.9268,0.9294,0.9203,0.9251,0.9233,4204.25452702,138
1787504400,0.9256,0.93,0.9206,0.9254,0.9264,6616.60941452,129
1787508000,0.9252,0.9291,0.9241,0.9271,0.9268,10934.55499367,125
1787511600,0.9274,0.9277,0.9185,0.9206,0.9212,10242.96067427,149
1787515200,0.9205,0.9233,0.9172,0.9225,0.922,37822.07684087,168
1787518800,0.9224,0.9352,0.9224,0.9309,0.9273,44837.96559754,175
1787522400,0.9306,0.9328,0.9257,0.9292,0.9296,16704.44075619,166
1787526000,0.9292,0.9322,0.9253,0.9275,0.9293,8444.23592094,180
1787529600,0.9281,0.9285,0.912,0.9206,0.917,13572.86036814,166
1787533200,0.9213,0.9213,0.8991,0.8991,0.9085,15033.67564904,206
1787536800,0.8991,0.9106,0.8967,0.9082,0.9091,15289.67379981,122
1787540400,0.9098,0.9102,0.8981,0.9002,0.9005,4684.78542102,120
1787544000,0.9006,0.9141,0.9006,0.9101,0.9106,12338.78876991,273
1787547600,0.9102,0.9181,0.9068,0.9094,0.9115,11192.11255041,202
1787551200,0.9092,0.9101,0.9007,0.9041,0.9067,19879.38859172,182
1787554800,0.9044,0.9119,0.8979,0.9,0.9068,8670.5778172,167
1787558400,0.9002,0.9027,0.8926,0.8969,0.8967,25225.81439543,260
1787562000,0.897,0.91,0.8964,0.9065,0.9042,14021.44351595,135
1787565600,0.9063,0.9102,0.8988,0.9,0.9067,13747.94532958,143
1787569200,0.9,0.9198,0.8947,0.9143,0.9096,5903.93269857,171
1787572800,0.9151,0.9243,0.9037,0.9219,0.9093,40387.50389769,248
1787576400,0.9219,0.923,0.9015,0.9089,0.9149,17586.55707862,203
1787580000,0.9088,0.9184,0.9066,0.915,0.9123,16316.62694418,218
1787583600,0.9139,0.9232,0.9045,0.9045,0.9133,66857.00467533,312
1787587200,0.9052,0.9194,0.9052,0.9101,0.9141,57697.03768255,213
1787590800,0.9104,0.9142,0.895,0.9035,0.9014,18808.47217924,191
1787594400,0.9049,0.9099,0.9023,0.9041,0.9069,5045.1542031,149
1787598000,0.9034,0.9077,0.898,0.9039,0.902,9572.62216978,148
1787601600,0.9041,0.9059,0.898,0.904,0.9021,2639.24245965,123
1787605200,0.9046,0.9073,0.903,0.904,0.9047,6625.92915586,112
1787608800,0.9043,0.9043,0.893,0.8949,0.8973,2251.3303136,126
1787612400,0.8942,0.9002,0.8887,0.8991,0.8945,6568.29438865,151
1787616000,0.8991,0.9097,0.894,0.9091,0.9023,55516.89905245,284
1787619600,0.9082,0.91,0.9029,0.9049,0.9059,16347.06162555,240
1787623200,0.9047,0.9234,0.9006,0.9117,0.9112,56196.54272282,456
1787626800,0.9118,0.9203,0.9076,0.9082,0.9126,23657.9606012,233
1787630400,0.9083,0.915,0.908,0.914,0.9122,29666.01786129,260
1787634000,0.9143,0.9195,0.9132,0.9161,0.9178,5004.19925452,177
1787637600,0.9159,0.9184,0.9045,0.9055,0.9146,4454.17624821,169
1787641200,0.9061,0.9132,0.8925,0.9012,0.8997,27948.82695477,246
1787644800,0.9002,0.9079,0.8993,0.9012,0.9054,16387.54835047,148
1787648400,0.9012,0.9038,0.8921,0.8955,0.8991,23816.79219718,211
1787652000,0.8955,0.8975,0.8925,0.8967,0.896,16283.92999442,175
1787655600,0.8962,0.8971,0.8911,0.8917,0.8946,7845.13811729,160
1787659200,0.8914,0.8914,0.8808,0.887,0.8869,54942.79790967,242
1787662800,0.8862,0.8872,0.8649,0.8744,0.8777,52605.8620643,344
1787666400,0.8739,0.882,0.8725,0.8762,0.8783,8520.9052081,170
1787670000,0.8764,0.8771,0.8721,0.8752,0.8748,5072.05972502,172
1787673600,0.8764,0.8777,0.8721,0.8733,0.8743,3397.57652622,126
1787677200,0.8737,0.8742,0.8681,0.8741,0.8697,10099.87583794,143
1787680800,0.876,0.8795,0.8735,0.8787,0.8772,1880.93337148,121
1787684400,0.8791,0.8796,0.8722,0.8751,0.8731,30263.69306299,166
1787688000,0.8752,0.8754,0.8552,0.8561,0.8615,49372.07196004,277
1787691600,0.8552,0.8612,0.8441,0.8583,0.8504,234166.17542864,409
1787695200,0.8576,0.8635,0.8576,0.8607,0.8619,11622.21117142,157
1787698800,0.8607,0.8618,0.8504,0.8511,0.8558,3494.5880712,126
1787702400,0.8513,0.8527,0.8468,0.8512,0.8505,58400.06313462,251
1787706000,0.8506,0.8569,0.8484,0.8506,0.852,13197.11640303,179
1787709600,0.8511,0.8591,0.8479,0.8587,0.8538,2564.0367356,141
1787713200,0.8583,0.8599,0.8547,0.8574,0.8565,1096.34287397,105
1787716800,0.8566,0.8586,0.8519,0.8519,0.8567,2294.64126519,123
1787720400,0.8521,0.8533,0.8461,0.8526,0.8511,10135.90010259,141
1787724000,0.853,0.8596,0.853,0.8595,0.8568,5176.06858085,141
1787727600,0.8601,0.8601,0.8546,0.856,0.858,5924.11887507,143
1787731200,0.8555,0.8606,0.8512,0.8512,0.8584,15226.77689067,200
1787734800,0.8525,0.8536,0.8403,0.8433,0.8444,27181.24782726,199
1787738400,0.8429,0.8561,0.8406,0.8546,0.85,13242.66643586,183
1787742000,0.8545,0.8575,0.8495,0.851,0.8555,5577.15096466,205
1787745600,0.8512,0.8565,0.846,0.848,0.8513,23123.86744022,220
1787749200,0.8481,0.8488,0.84,0.8429,0.8404,120749.34709524,380
1787752800,0.8429,0.8447,0.8349,0.8359,0.8398,243014.80382839,743
1787756400,0.8362,0.8412,0.8324,0.839,0.8358,5046.41292543,258
1787760000,0.8392,0.8408,0.8307,0.8327,0.8368,16142.42403904,180
1787763600,0.8326,0.8436,0.8322,0.8402,0.8402,45580.38464078,163
1787767200,0.8406,0.8432,0.8382,0.8432,0.8408,3776.56248228,122
1787770800,0.8422,0.8455,0.8403,0.8415,0.8433,3997.69580974,117
1787774400,0.8413,0.8436,0.8355,0.8436,0.8399,9855.96420577,173
1787778000,0.8437,0.8509,0.8428,0.8492,0.8464,46650.57454458,193
1787781600,0.8495,0.8562,0.8492,0.8554,0.8521,7292.43117617,136
1787785200,0.8552,0.8775,0.8542,0.8757,0.8688,22229.61882122,270
1787788800,0.8762,0.8832,0.8714,0.8737,0.8777,22743.55787775,294
1787792400,0.8732,0.8822,0.8706,0.8779,0.8776,12376.8215567,219
1787796000,0.8762,0.8782,0.867,0.8696,0.8711,3748.33165973,135
1787799600,0.8701,0.8748,0.8656,0.8691,0.8725,5217.93665559,151
1787803200,0.87,0.873,0.865,0.8664,0.8693,6405.38107127,159
1787806800,0.8664,0.8771,0.8641,0.8766,0.8684,2083.54999308,123
1787810400,0.8755,0.8772,0.8695,0.8761,0.8729,9844.91321369,167
1787814000,0.876,0.877,0.8731,0.876,0.8755,1390.80779796,119
1787817600,0.8763,0.891,0.8755,0.8897,0.8872,9892.27932022,230
1787821200,0.89,0.8951,0.8821,0.8821,0.8925,22378.13806435,208
1787824800,0.8825,0.8832,0.8686,0.8742,0.8773,22338.94669661,217
1787828400,0.8741,0.8775,0.8669,0.8702,0.8759,32499.57897229,203
1787832000,0.8702,0.8743,0.8677,0.8731,0.8711,3921.54076974,111
1787835600,0.8731,0.8764,0.8678,0.8755,0.8726,15530.18449411,234
1787839200,0.8751,0.8856,0.8725,0.8807,0.8788,66209.18223367,336
1787842800,0.8806,0.8879,0.8791,0.8859,0.8848,10939.12149706,211
1787846400,0.8851,0.8903,0.8836,0.8841,0.888,38172.91611038,221
1787850000,0.8833,0.8934,0.8832,0.8865,0.8913,32395.27254927,251
1787853600,0.8859,0.8873,0.8775,0.8823,0.8817,15453.84462461,175
1787857200,0.8832,0.8853,0.8802,0.8812,0.8824,30701.50239154,154
1787860800,0.8812,0.8859,0.8782,0.8827,0.8844,19624.2067974,141
1787864400,0.8828,0.8828,0.8786,0.8826,0.8809,3596.30899198,98
1787868000,0.8831,0.8879,0.8807,0.8823,0.8848,4987.24403638,115
1787871600,0.8824,0.8844,0.8813,0.8816,0.8826,2342.38359959,108
1787875200,0.8817,0.8834,0.8783,0.8813,0.8805,5328.98500753,157
1787878800,0.881,0.8953,0.8799,0.8807,0.8837,15242.22541225,210
1787882400,0.8807,0.8813,0.8647,0.8682,0.8683,17756.1348307,211
1787886000,0.8686,0.8739,0.8659,0.8703,0.8701,2288.3697432,124
1787889600,0.8703,0.8734,0.8668,0.8691,0.8694,2523.35470366,126
1787893200,0.8692,0.8721,0.8646,0.8689,0.8676,9738.60709818,125
1787896800,0.8688,0.8778,0.8688,0.8772,0.8726,12302.71788289,132
1787900400,0.8772,0.8776,0.8691,0.8704,0.8743,7103.36610428,119
1787904000,0.8704,0.88,0.8698,0.8731,0.8759,704804.09318905,1239
1787907600,0.8731,0.8742,0.87,0.87,0.8703,88738.74602096,451
1787911200,0.87,0.88,0.865,0.8785,0.8699,243836.21128377,871
1787914800,0.8785,0.8808,0.8746,0.8761,0.8778,7664.58044739,173
1787918400,0.8761,0.8767,0.868,0.8691,0.8698,6444.9485154,189
1787922000,0.8692,0.8721,0.865,0.8686,0.8665,12725.76401982,195
1787925600,0.8682,0.8806,0.8552,0.8769,0.8643,413855.22344949,1200
1787929200,0.8774,0.8797,0.8566,0.8568,0.8696,32910.33127878,410
1787932800,0.8563,0.8579,0.8387,0.8526,0.8489,37323.20756396,511
1787936400,0.8523,0.8549,0.849,0.849,0.8532,17535.87056599,245
1787940000,0.8492,0.8498,0.8362,0.8426,0.8414,11908.49967658,256
1787943600,0.8424,0.8467,0.8421,0.8456,0.8443,7697.54680616,187
1787947200,0.8451,0.8484,0.8427,0.8457,0.8447,2920.13513945,180
1787950800,0.8462,0.8466,0.839,0.8397,0.8419,2332.10123947,145
1787954400,0.84,0.8496,0.84,0.8485,0.8473,8355.86874984,147
1787958000,0.848,0.85,0.8476,0.8491,0.8487,4020.64914737,152
1787961600,0.8491,0.8537,0.8491,0.8501,0.8509,33951.88584078,167
1787965200,0.8499,0.8499,0.8439,0.8461,0.8458,1902.75663843,123
1787968800,0.8457,0.8469,0.8419,0.8438,0.8433,3545.82857971,132
1787972400,0.8438,0.8441,0.8404,0.8405,0.8421,1101.18565216,133
1787976000,0.8402,0.8448,0.8402,0.844,0.8423,889.35928861,126
1787979600,0.8439,0.8451,0.8424,0.844,0.8436,543.10051107,110
1787983200,0.8444,0.8444,0.8356,0.8389,0.8396,2559.55658869,144
1787986800,0.839,0.8414,0.8373,0.8398,0.84,741.10295637,101
1787990400,0.8393,0.8399,0.837,0.8379,0.8378,1320.77831227,104
1787994000,0.838,0.8387,0.8368,0.8383,0.8374,2109.37044532,130
1787997600,0.8382,0.8414,0.8367,0.8403,0.84,2635.38143511,109
1788001200,0.8395,0.8425,0.8395,0.8404,0.841,1475.44138409,98
1788004800,0.8406,0.8453,0.8313,0.8364,0.8351,23821.43269227,281
1788008400,0.8363,0.8407,0.8359,0.8394,0.837,4497.58207403,159
1788012000,0.8394,0.848,0.8377,0.8469,0.8452,18376.52009431,246
1788015600,0.8469,0.8469,0.8396,0.8404,0.8451,12737.81055735,173
1788019200,0.8405,0.843,0.8376,0.8377,0.8396,874.35496199,112
1788022800,0.8378,0.8407,0.8367,0.8377,0.8386,2793.02323972,126
1788026400,0.8382,0.8412,0.8367,0.8402,0.8387,8264.39427391,152
1788030000,0.8402,0.8443,0.8396,0.8429,0.8429,35567.90353736,151
1788033600,0.8428,0.8451,0.8418,0.8432,0.8437,6052.55431401,132
1788037200,0.8432,0.8493,0.8419,0.8449,0.8457,2972.08565404,151
1788040800,0.8452,0.849,0.8443,0.8476,0.8475,4498.64815559,150
1788044400,0.8477,0.8496,0.8448,0.8457,0.8467,3252.48022406,116
1788048000,0.8457,0.8462,0.8395,0.8395,0.8413,4663.69865982,138
1788051600,0.8397,0.8402,0.8345,0.8346,0.8358,3903.31398745,127
1788055200,0.8347,0.8391,0.8342,0.8373,0.8376,2883.94756119,125
1788058800,0.8365,0.8397,0.8365,0.8372,0.8381,973.70054286,116
1788062400,0.8377,0.8392,0.8341,0.8368,0.8367,1801.27243388,103
1788066000,0.8372,0.8444,0.8368,0.8426,0.8428,1561.77056854,99
1788069600,0.8426,0.8456,0.8407,0.8452,0.8419,1234.26521561,112
1788073200,0.8452,0.8454,0.8415,0.8422,0.8433,6837.1430992,97
1788076800,0.8422,0.8448,0.8398,0.8409,0.8424,542.29843838,96
1788080400,0.8412,0.8456,0.8409,0.8446,0.844,2272.49925182,109
1788084000,0.8446,0.85,0.8422,0.8495,0.8477,2691.28301924,126
1788087600,0.8495,0.8537,0.8485,0.8526,0.8509,31169.61617949,179
1788091200,0.8531,0.8586,0.852,0.8577,0.8548,6777.91436498,194
1788094800,0.8576,0.8703,0.8572,0.8667,0.8641,13656.23593778,274
1788098400,0.8662,0.8669,0.8556,0.8558,0.8611,32992.66725622,235
1788102000,0.8562,0.8567,0.8498,0.8519,0.8534,11104.70451444,179
1788105600,0.8521,0.864,0.8507,0.8628,0.8584,31142.05592011,479
1788109200,0.8633,0.8638,0.8568,0.8602,0.8604,9470.75201345,217
1788112800,0.8606,0.866,0.8567,0.8653,0.8621,3233.25752647,186
1788116400,0.8648,0.865,0.8567,0.8609,0.8623,5455.80787171,148
1788120000,0.8607,0.8632,0.8473,0.8515,0.8528,10365.79942015,218
1788123600,0.8515,0.8537,0.8416,0.8516,0.8464,7838.70308679,206
1788127200,0.8514,0.8558,0.8416,0.8444,0.8451,4185.14099745,151
1788130800,0.8445,0.8451,0.8077,0.8201,0.8206,99243.26968042,587
1788134400,0.8191,0.8271,0.8166,0.8225,0.8219,5708.69684436,191
1788138000,0.823,0.8248,0.8168,0.8168,0.8221,31425.83657018,187
1788141600,0.8175,0.8248,0.8125,0.8145,0.8196,25198.30011136,230
1788145200,0.8147,0.8235,0.8138,0.8216,0.817,2600.22687756,130
1788148800,0.8211,0.8211,0.8175,0.8206,0.8196,2087.26155266,117
1788152400,0.8205,0.8333,0.8205,0.8313,0.8301,12187.64860407,185
1788156000,0.8303,0.8321,0.8267,0.8281,0.8289,4916.67929325,141
1788159600,0.8281,0.8322,0.8277,0.8316,0.83,20705.54161526,155
1788163200,0.8314,0.8331,0.8265,0.8282,0.8296,871.85315252,113
1788166800,0.8285,0.8362,0.8282,0.8315,0.8299,26861.96349908,198
1788170400,0.8316,0.8344,0.828,0.8314,0.8322,8686.33341386,136
1788174000,0.8319,0.832,0.8246,0.8264,0.8289,2836.26773814,135
1788177600,0.8268,0.8301,0.8201,0.824,0.8233,16685.11806753,176
1788181200,0.8249,0.829,0.8214,0.8215,0.826,17647.6569425,179
1788184800,0.8219,0.832,0.8211,0.8308,0.8255,7658.56815607,211
1788188400,0.8304,0.8309,0.824,0.8245,0.8271,11279.90160957,148
1788192000,0.8243,0.8302,0.8226,0.8261,0.8253,16062.86984464,183
1788195600,0.8261,0.8404,0.8261,0.8373,0.8358,17934.8720272,214
1788199200,0.837,0.8435,0.8347,0.8392,0.8407,9425.16392805,197
1788202800,0.8381,0.8422,0.8351,0.8361,0.8403,14756.656715,173
1788206400,0.8361,0.8419,0.8327,0.8334,0.8367,3967.76062576,150
1788210000,0.8333,0.8427,0.8282,0.8405,0.8312,29370.62793479,247
1788213600,0.8402,0.8414,0.8352,0.8372,0.8365,4517.88277923,126
1788217200,0.8372,0.8402,0.8325,0.8395,0.8382,7034.64198161,149
1788220800,0.84,0.8497,0.8389,0.847,0.8423,7403.13496154,213
1788224400,0.8486,0.8545,0.842,0.8479,0.8481,15608.56131531,221
1788228000,0.8483,0.855,0.8454,0.8527,0.8518,27668.62815809,187
1788231600,0.8519,0.8595,0.8504,0.8585,0.8538,9875.41756323,134
1788235200,0.8579,0.8594,0.851,0.8518,0.8538,5413.68337517,127
1788238800,0.8514,0.8552,0.849,0.8545,0.8517,1914.34399183,110
1788242400,0.8545,0.87,0.8529,0.87,0.8643,13960.81281383,207
1788246000,0.8699,0.8758,0.8676,0.8692,0.873,16214.11062104,225
1788249600,0.8693,0.8703,0.8529,0.855,0.8572,43491.60227564,294
1788253200,0.8549,0.8571,0.8506,0.8545,0.8548,19695.5211092,199
1788256800,0.8543,0.8739,0.8535,0.8635,0.8666,30868.76179184,286
1788260400,0.8635,0.874,0.8615,0.8687,0.8696,13549.17472534,296
1788264000,0.8689,0.8694,0.8568,0.8593,0.8614,14917.62276074,247
1788267600,0.8589,0.8634,0.8536,0.8624,0.8572,51261.01932162,323
1788271200,0.863,0.8732,0.8615,0.8686,0.8668,26874.58496961,264
1788274800,0.8682,0.8694,0.8597,0.8683,0.8674,58795.73558921,251
1788278400,0.868,0.8682,0.8555,0.8643,0.8612,25073.12609888,262
1788282000,0.8642,0.8809,0.8612,0.874,0.8744,52846.10327273,325
1788285600,0.8752,0.8772,0.8556,0.8664,0.8646,71638.13661196,429
1788289200,0.8665,0.8799,0.8657,0.8743,0.871,56466.57096145,445
1788292800,0.8742,0.8758,0.8638,0.8658,0.8704,24683.75000795,299
1788296400,0.8653,0.8687,0.8562,0.8658,0.8628,43468.85828998,301
1788300000,0.8647,0.8663,0.8567,0.8628,0.8603,10421.01421505,215
1788303600,0.8622,0.8749,0.8618,0.8713,0.8715,22853.28707641,284
1788307200,0.8716,0.8758,0.8646,0.8663,0.8699,36479.78847925,353
1788310800,0.8658,0.8721,0.8585,0.8658,0.8635,35521.36622396,428
1788314400,0.865,0.8802,0.8642,0.8752,0.876,53078.79705712,531
1788318000,0.8754,0.8898,0.8753,0.8872,0.8861,88997.69422915,608
1788321600,0.8872,0.8929,0.8789,0.892,0.8856,21371.4495827,320
1788325200,0.8919,0.8922,0.8736,0.8745,0.8807,89953.03665487,613
1788328800,0.8745,0.8753,0.8568,0.8602,0.8653,23718.76568323,358
1788332400,0.86,0.8646,0.8593,0.8623,0.8625,11188.03455944,355
1788336000,0.8621,0.8658,0.8528,0.8557,0.8585,23699.9938221,513
1788339600,0.8562,0.8597,0.8469,0.8497,0.8538,163268.03974278,735
1788343200,0.8498,0.8502,0.838,0.8438,0.8447,115018.9984585,651
1788346800,0.8434,0.8449,0.8398,0.8444,0.8432,26309.81477112,404
1788350400,0.8441,0.848,0.8388,0.8388,0.8449,27313.37937852,306
1788354000,0.8389,0.8527,0.8376,0.8481,0.8454,6758.59179608,201
1788357600,0.8507,0.8532,0.8456,0.8456,0.8507,8783.12676603,147
1788361200,0.845,0.8513,0.8412,0.8507,0.847,27826.76211621,271
1788364800,0.8505,0.8562,0.8482,0.853,0.8531,89775.33613569,388
1788368400,0.8527,0.8567,0.8452,0.8557,0.8513,10708.33937582,257
1788372000,0.8548,0.8609,0.8517,0.8593,0.8569,28572.5437573,290
1788375600,0.8598,0.8609,0.8572,0.8606,0.8603,21821.18393853,217
1788379200,0.8608,0.8668,0.8608,0.8622,0.8628,20725.61488131,281
1788382800,0.8614,0.8663,0.8582,0.8622,0.8629,3731.94279773,206
1788386400,0.8619,0.863,0.8569,0.8602,0.8594,4921.32466211,140
1788390000,0.8599,0.868,0.8597,0.8674,0.8642,31543.00384066,235
1788393600,0.8671,0.869,0.857,0.8595,0.8618,9553.55513118,240
1788397200,0.8589,0.8804,0.8547,0.8709,0.871,44671.25340336,439
1788400800,0.8709,0.8869,0.8676,0.8827,0.8802,28609.81533802,459
1788404400,0.8833,0.8833,0.8715,0.8725,0.8777,10394.34069448,209
1788408000,0.8721,0.8793,0.8703,0.8787,0.8748,6068.91529877,186
1788411600,0.8791,0.8803,0.8652,0.8787,0.8742,14704.35350643,267
1788415200,0.8782,0.8796,0.8749,0.8749,0.8779,12824.50058091,159
1788418800,0.8751,0.8818,0.8723,0.8753,0.8775,31420.90830047,243
1788422400,0.8748,0.8818,0.8734,0.8772,0.8771,3188.07802614,227
1788426000,0.8769,0.879,0.8743,0.8748,0.8773,21304.77727577,229
1788429600,0.875,0.8798,0.8721,0.8764,0.8749,11198.40270662,253
1788433200,0.8773,0.8794,0.874,0.8768,0.8768,27291.3311208,283
1788436800,0.8765,0.8824,0.8734,0.8808,0.8765,31839.54175029,323
1788440400,0.8798,0.8798,0.8698,0.87,0.877,31521.92006352,322
1788444000,0.8692,0.8911,0.8682,0.8906,0.8818,36599.09612079,377
1788447600,0.8907,0.8943,0.8831,0.8932,0.8899,44677.7432823,407
1788451200,0.8932,0.8948,0.8852,0.8892,0.8888,48982.28498033,401
1788454800,0.8889,0.8898,0.8855,0.8882,0.8877,32522.36681408,296
1788458400,0.8883,0.8972,0.8881,0.8946,0.8913,28700.38654315,382
1788462000,0.8943,0.9006,0.8926,0.8962,0.8973,51124.36498042,468
1788465600,0.896,0.8977,0.8919,0.8972,0.8947,36331.96481356,264
1788469200,0.8971,0.9011,0.8952,0.8966,0.8979,327329.3695062,1199
1788472800,0.8953,0.8953,0.8828,0.8875,0.889,23958.90888713,428
1788476400,0.8874,0.889,0.8861,0.8882,0.8871,5520.01601691,232
1788480000,0.8882,0.8917,0.886,0.886,0.8892,7277.73490779,265
1788483600,0.8862,0.8883,0.8778,0.8813,0.8817,8961.43174766,242
1788487200,0.8806,0.8812,0.8762,0.8798,0.8779,5944.3389292,204
1788490800,0.8802,0.8813,0.8756,0.8767,0.8781,5172.24057745,175
1788494400,0.8762,0.8797,0.8726,0.8739,0.8767,8442.91109662,181
1788498000,0.8742,0.8815,0.8657,0.8693,0.8697,36573.21571655,363
1788501600,0.8692,0.8724,0.8676,0.8717,0.8704,13082.54088843,164
1788505200,0.8722,0.8759,0.8717,0.8727,0.8742,14490.39165391,153
1788508800,0.8729,0.8811,0.8717,0.8811,0.8768,11908.73970003,117
1788512400,0.8811,0.8827,0.875,0.8764,0.8773,20059.04500162,141
1788516000,0.8758,0.8792,0.8733,0.879,0.8754,7853.46129743,114
1788519600,0.8787,0.8835,0.8784,0.8802,0.8797,20116.3820409,130
1788523200,0.8801,0.8802,0.8465,0.8509,0.8651,185960.25668147,681
1788526800,0.8507,0.8631,0.849,0.859,0.8563,121963.09674506,536
1788530400,0.8597,0.8601,0.842,0.8471,0.852,29724.07995715,310
1788534000,0.8462,0.8549,0.8454,0.8545,0.8532,13034.38822657,177
1788537600,0.8547,0.8609,0.8527,0.8588,0.8577,23344.50733116,237
1788541200,0.8587,0.8604,0.8523,0.8559,0.8569,11551.59409441,182
1788544800,0.8568,0.8665,0.8568,0.8652,0.8599,7932.88728142,125
1788548400,0.8652,0.8813,0.8638,0.8747,0.872,10481.91736759,229
1788552000,0.8758,0.8774,0.8662,0.8699,0.8714,9277.15815716,133
1788555600,0.8695,0.878,0.8669,0.8674,0.8737,10241.81900655,185
1788559200,0.8695,0.8744,0.8684,0.8708,0.872,12548.75333284,87
1788562800,0.8709,0.9024,0.868,0.9004,0.8912,82900.78058539,517
1788566400,0.9,0.9,0.8859,0.892,0.8926,54352.47332176,432
1788570000,0.8919,0.9111,0.8904,0.9043,0.903,73079.5175708,595
1788573600,0.9039,0.9059,0.8949,0.8964,0.8992,33733.69052734,416
1788577200,0.8969,0.8982,0.8919,0.8931,0.895,33460.49709878,259
1788580800,0.8929,0.8933,0.8845,0.8883,0.8878,11347.78247538,213
1788584400,0.8889,0.9025,0.8859,0.9025,0.8946,18188.08746187,290
1788588000,0.9029,0.915,0.9019,0.9133,0.9077,26969.82761177,310
1788591600,0.9133,0.9155,0.9053,0.9065,0.9074,143826.97895944,606
1788595200,0.9068,0.9076,0.8984,0.9027,0.9014,18317.68772553,287
1788598800,0.9027,0.9162,0.9015,0.9137,0.9111,69215.34102997,407
1788602400,0.9143,0.9143,0.9067,0.9093,0.9106,19587.61593708,224
1788606000,0.9093,0.9094,0.9044,0.9053,0.9069,7279.18262831,143
1788609600,0.9055,0.9262,0.9053,0.9173,0.9198,415735.24241448,882
1788613200,0.9177,0.9202,0.911,0.9164,0.9148,76661.01357877,704
1788616800,0.9162,0.9174,0.9117,0.9143,0.9148,14813.25213575,236
1788620400,0.9144,0.9148,0.9074,0.9117,0.9107,11283.50333768,219
1788624000,0.9113,0.9128,0.9065,0.91,0.91,6104.64258719,218
1788627600,0.91,0.9125,0.9019,0.9119,0.9063,147763.47301327,495
1788631200,0.912,0.9121,0.9082,0.9082,0.9101,12329.22064077,250
1788634800,0.9082,0.9118,0.9073,0.9104,0.9094,34859.21702713,246
1788638400,0.9112,0.9166,0.9089,0.9121,0.9115,32389.28746232,317
1788642000,0.9113,0.9252,0.9084,0.9242,0.9174,49676.65088749,381
1788645600,0.9242,0.9268,0.9193,0.9203,0.9217,23916.25848458,300
1788649200,0.9202,0.9203,0.9143,0.9148,0.9162,35627.41017562,257
1788652800,0.9153,0.9243,0.9143,0.9222,0.9211,18565.2299549,324
1788656400,0.9223,0.9322,0.9212,0.9278,0.9251,44324.11460534,498
1788660000,0.9283,0.9342,0.9253,0.9287,0.93,7432.42454187,264
1788663600,0.9288,0.9304,0.9203,0.9304,0.9257,22000.11120353,329
1788667200,0.9302,0.9321,0.9232,0.9282,0.9268,20676.14472808,332
1788670800,0.9285,0.9349,0.9253,0.9309,0.9313,12636.46068853,315
1788674400,0.9311,0.9421,0.9269,0.9398,0.9348,17827.96465985,280
1788678000,0.9398,0.9444,0.9319,0.9422,0.9377,48926.13588966,521
1788681600,0.9419,0.9606,0.9355,0.9402,0.949,95371.00256323,722
1788685200,0.9394,0.9467,0.9363,0.9426,0.9414,16189.48500226,209
1788688800,0.9427,0.9732,0.9408,0.973,0.9541,107290.86854273,615
1788692400,0.9722,0.9897,0.9701,0.9845,0.9793,121597.69414537,872
1788696000,0.9846,0.9912,0.9671,0.9697,0.9871,137333.46713659,664
1788699600,0.9697,0.9786,0.9658,0.9737,0.9707,58910.48729581,440
1788703200,0.9741,0.9751,0.952,0.9563,0.9625,71299.55467808,487
1788706800,0.9561,0.9561,0.9459,0.9544,0.951,51261.48333818,340
1788710400,0.9542,0.9704,0.9532,0.9704,0.9654,91403.65890891,520
1788714000,0.9699,0.9732,0.9579,0.96,0.9656,27987.15203248,318
1788717600,0.9597,0.9664,0.9575,0.9607,0.9617,12155.05423405,209
1788721200,0.9612,0.9681,0.9546,0.9636,0.9599,74303.3047335,349
1788724800,0.9637,0.9688,0.9628,0.9661,0.9656,25543.32362957,290
1788728400,0.967,0.9857,0.967,0.9837,0.9798,248256.11444276,889
1788732000,0.9827,0.9846,0.9656,0.975,0.981,246497.88344232,623
1788735600,0.9746,0.9792,0.9733,0.9792,0.975,12404.05421603,158
1788739200,0.9789,1.028,0.9777,1.0234,1.0119,86445.69318406,739
1788742800,1.0237,1.0258,0.9853,0.9872,1.0042,79916.23681043,934
1788746400,0.9861,0.9982,0.9797,0.9848,0.9884,34143.65051046,586
1788750000,0.9849,0.9863,0.9693,0.9715,0.9778,18706.3991439,462
1788753600,0.9712,0.982,0.9629,0.9798,0.9676,401017.33732355,953
1788757200,0.9798,0.9918,0.9737,0.9758,0.9846,48586.12807001,558
1788760800,0.9756,0.9811,0.9685,0.9717,0.9764,25100.4392974,453
1788764400,0.9721,0.9723,0.9561,0.9636,0.9616,72900.21352515,443
1788768000,0.964,0.9751,0.9638,0.9736,0.9707,26567.87470968,254
1788771600,0.9741,0.9846,0.9728,0.9771,0.9779,17072.84218747,298
1788775200,0.9779,0.9934,0.977,0.9851,0.9828,77594.40527863,366
1788778800,0.9851,0.993,0.9789,0.9796,0.9848,24060.40505296,333
1788782400,0.9788,1.0211,0.9747,1.0207,0.994,40702.7300163,471
1788786000,1.0217,1.061,1.0145,1.0576,1.0388,479572.98395881,1706
1788789600,1.0584,1.0777,1.0489,1.0679,1.0657,726707.61120352,2521
1788793200,1.068,1.0892,1.0573,1.0782,1.0713,219084.42890591,1436
1788796800,1.0782,1.1077,1.0721,1.0994,1.093,217810.56178149,1470
1788800400,1.0996,1.1039,1.0816,1.097,1.093,81810.26643019,844
1788804000,1.096,1.1051,1.0822,1.0891,1.0947,136424.94194042,928
1788807600,1.0894,1.0924,1.0536,1.059,1.0811,273872.00293335,1140
1788811200,1.059,1.0688,1.0486,1.0648,1.0558,60867.1686575,562
1788814800,1.0646,1.0775,1.0623,1.0736,1.0705,45160.03717281,463
1788818400,1.0715,1.0726,1.0397,1.0442,1.0521,53937.71003992,739
1788822000,1.0432,1.0666,1.0415,1.062,1.0559,65569.58916961,716
1788825600,1.0616,1.0719,1.0586,1.0711,1.0634,43313.88495192,557
1788829200,1.0708,1.0708,1.0565,1.0575,1.0639,26339.87700819,352
1788832800,1.0565,1.0667,1.0536,1.063,1.061,31952.97216829,507
1788836400,1.0625,1.0872,1.0625,1.0783,1.0754,52542.47096285,633
1788840000,1.078,1.081,1.0628,1.0636,1.0723,66878.24879677,642
1788843600,1.0632,1.0778,1.0612,1.0719,1.0704,70682.19109422,650
1788847200,1.0719,1.0726,1.0461,1.0626,1.0583,503986.55003301,961
1788850800,1.0631,1.0691,1.0565,1.0594,1.0626,17567.3806263,411
1788854400,1.059,1.0768,1.0558,1.0669,1.0683,25368.73171676,359
1788858000,1.0668,1.0966,1.0615,1.0868,1.0806,48877.07235205,607
1788861600,1.0866,1.0971,1.0784,1.0844,1.0872,27691.63264458,477
1788865200,1.0846,1.092,1.0716,1.0787,1.0789,43174.42294552,455
1788868800,1.0779,1.0921,1.0743,1.0907,1.0807,73952.08770423,470
1788872400,1.0893,1.0893,1.0595,1.0726,1.0727,64594.14737349,647
1788876000,1.0747,1.1442,1.0715,1.1214,1.1136,243350.64060395,1331
1788879600,1.1225,1.2011,1.117,1.1956,1.17,2511363.51154839,6285
1788883200,1.1993,1.2,1.1769,1.19,1.1918,393627.91033489,1760
1788886800,1.1921,1.2291,1.1903,1.224,1.2174,384716.01100495,1983
1788890400,1.2245,1.2438,1.2002,1.211,1.2205,380189.72230358,1511
1788894000,1.211,1.246,1.1984,1.2424,1.2231,323999.33696711,1751
1788897600,1.2419,1.2822,1.2327,1.2458,1.2583,276785.2407166,1832
1788901200,1.2462,1.2578,1.232,1.2403,1.2434,173764.82434589,904
1788904800,1.2403,1.2565,1.2391,1.2479,1.2483,115315.00548831,777
1788908400,1.2462,1.2625,1.2357,1.2457,1.2535,109867.53620823,928
1788912000,1.2458,1.2593,1.2085,1.2177,1.2296,195716.4717596,1447
1788915600,1.2177,1.2196,1.1924,1.1949,1.2009,137298.06195381,1269
1788919200,1.1946,1.2061,1.1907,1.2029,1.1998,74847.72216022,796
1788922800,1.2031,1.2082,1.1856,1.2046,1.1958,141810.262695,895
1788926400,1.2043,1.2208,1.203,1.2189,1.212,108437.55905119,928
1788930000,1.2194,1.2194,1.1836,1.1902,1.2009,142519.3340208,918
1788933600,1.1898,1.1914,1.1756,1.1786,1.1829,69064.42904346,768
1788937200,1.1786,1.1893,1.1685,1.1717,1.1767,97862.10612996,895
1788940800,1.1716,1.1868,1.1696,1.186,1.1782,92180.17189524,696
1788944400,1.1857,1.1888,1.1706,1.1744,1.1839,178542.86544996,895
1788948000,1.1736,1.185,1.1676,1.1775,1.1734,182368.30391962,1070
1788951600,1.177,1.1874,1.1609,1.1802,1.1718,139663.98338943,813
1788955200,1.1797,1.1838,1.1692,1.1729,1.1753,54395.70724246,675
1788958800,1.1734,1.1737,1.1537,1.1605,1.1637,113682.27317386,866
1788962400,1.1616,1.1625,1.1283,1.1322,1.137,280124.47516719,1607
1788966000,1.1325,1.1382,1.1144,1.1359,1.1288,321570.21559831,1191
1788969600,1.1362,1.1416,1.1246,1.1257,1.1341,108679.39571836,429
1788973200,1.1266,1.1366,1.1266,1.131,1.1307,22029.14015742,263
1788976800,1.1316,1.1316,1.1214,1.1233,1.1265,19608.92959002,250
1788980400,1.1226,1.1277,1.1176,1.1199,1.1226,9328.18741423,215
1788984000,1.1196,1.1229,1.1108,1.115,1.1149,32939.45950745,376
1788987600,1.116,1.1168,1.107,1.1085,1.1097,159702.26720912,524
1788991200,1.1126,1.1126,1.0937,1.102,1.1023,39836.62403359,383
1788994800,1.1025,1.1282,1.1025,1.1223,1.1235,57591.54978718,512
1788998400,1.1218,1.1266,1.1165,1.1179,1.1209,51720.51075764,494
1789002000,1.1188,1.1218,1.0966,1.1024,1.1062,16110.04191545,357
1789005600,1.1027,1.1165,1.1019,1.1165,1.1063,13668.07005734,336
1789009200,1.1167,1.118,1.1003,1.1082,1.1104,52010.64449414,431
1789012800,1.1088,1.1122,1.1021,1.1058,1.1062,12396.43273039,253
1789016400,1.1063,1.1177,1.1047,1.1073,1.1086,8717.40394084,230
1789020000,1.1077,1.1147,1.0966,1.1136,1.108,14720.22829966,266
1789023600,1.1124,1.1137,1.0965,1.1052,1.1031,7739.054396,247
1789027200,1.1048,1.1101,1.102,1.1025,1.1072,61118.25250132,374
1789030800,1.1034,1.1066,1.0928,1.0974,1.0967,69707.48043889,399
1789034400,1.0973,1.1014,1.0933,1.0947,1.0973,18482.51219854,303
1789038000,1.0933,1.1038,1.0903,1.0986,1.0989,18659.31302457,303
1789041600,1.099,1.1008,1.0829,1.0947,1.0922,88690.29899553,632
1789045200,1.0937,1.0983,1.0835,1.0914,1.0923,52838.74192709,383
1789048800,1.0908,1.0928,1.0788,1.0817,1.0834,40468.84831348,372
1789052400,1.0817,1.0926,1.0776,1.0907,1.0886,508682.96905282,1349
1789056000,1.0888,1.0912,1.0728,1.086,1.0809,71884.22327782,567
1789059600,1.086,1.1088,1.0848,1.1055,1.0974,119192.69948706,863
1789063200,1.1031,1.1083,1.0929,1.1058,1.1008,27819.68114061,523
1789066800,1.1037,1.1064,1.0984,1.099,1.1025,22898.96301701,339
1789070400,1.0994,1.1119,1.0976,1.1119,1.107,10035.6266957,343
1789074000,1.1105,1.1315,1.1076,1.1209,1.121,61526.73693779,454
1789077600,1.1199,1.1273,1.1084,1.1102,1.1194,32019.9371498,501
1789081200,1.1108,1.1144,1.0958,1.0967,1.1035,14774.19255464,406
1789084800,1.0965,1.1384,1.0964,1.1316,1.1213,21070.81201071,618
1789088400,1.1308,1.1336,1.1115,1.1161,1.1255,28968.16660435,526
1789092000,1.1159,1.128,1.1087,1.1118,1.1188,28532.43682101,453
1789095600,1.1108,1.1274,1.1087,1.1223,1.1194,18034.4333499,422
1789099200,1.1218,1.1399,1.1216,1.1399,1.131,46739.00122103,478
1789102800,1.1395,1.1544,1.1364,1.1494,1.1449,51982.76654083,539
1789106400,1.1494,1.1642,1.1413,1.1538,1.1556,102630.14050771,1153
1789110000,1.1529,1.1624,1.1253,1.1253,1.1403,80187.26907304,731
1789113600,1.1255,1.1279,1.1126,1.1264,1.1194,35689.02771871,561
1789117200,1.1265,1.1265,1.0901,1.0968,1.1008,57705.75190914,713
1789120800,1.0969,1.0983,1.0813,1.0836,1.0874,151379.62672174,710
1789124400,1.0835,1.0875,1.074,1.0873,1.081,47998.13864083,599
1789128000,1.0867,1.1086,1.0695,1.0977,1.0912,118510.27072015,1045
1789131600,1.098,1.107,1.0668,1.107,1.084,132712.2462198,914
1789135200,1.1028,1.1121,1.0628,1.0704,1.0868,170154.67756283,1295
1789138800,1.0689,1.0782,1.0461,1.0518,1.0641,228242.23086673,1199
1789142400,1.0515,1.0692,1.051,1.0685,1.0611,72374.580152,475
1789146000,1.0676,1.0691,1.051,1.0535,1.0619,8820.51736011,195
1789149600,1.0521,1.055,1.0401,1.0431,1.0466,46863.79685514,523
1789153200,1.0432,1.0494,1.0397,1.0486,1.045,27266.91647606,330
1789156800,1.0477,1.0535,1.0439,1.0468,1.0493,16731.32059045,343
1789160400,1.0464,1.0517,1.0331,1.0349,1.0402,21485.79687277,269
1789164000,1.0356,1.0385,1.0304,1.0315,1.0328,41841.57586018,454
1789167600,1.0325,1.0407,1.0315,1.0407,1.0366,13622.19907605,320
1789171200,1.0408,1.0499,1.0396,1.0496,1.0432,14366.32174647,207
1789174800,1.049,1.059,1.0478,1.0542,1.054,15405.39379074,369
1789178400,1.0542,1.0586,1.0471,1.0485,1.0527,16947.77355013,391
1789182000,1.047,1.0491,1.0446,1.0466,1.0465,32382.77922872,377
1789185600,1.0461,1.0536,1.0456,1.049,1.0501,15953.45880057,339
1789189200,1.0491,1.0491,1.0424,1.0465,1.045,12737.56856898,377
1789192800,1.0461,1.0489,1.0434,1.0454,1.046,37437.27007469,464
1789196400,1.0454,1.0542,1.0449,1.0511,1.0505,11669.73106687,324
1789200000,1.051,1.0539,1.0445,1.0469,1.0502,358581.71076636,798
1789203600,1.0469,1.0474,1.0399,1.0399,1.0439,25274.06556721,205
1789207200,1.0397,1.0433,1.0387,1.0416,1.0415,28897.43773073,206
1789210800,1.0409,1.0475,1.0388,1.0463,1.0423,10023.38713056,170
1789214400,1.0455,1.0483,1.0428,1.0435,1.046,7117.60280871,137
1789218000,1.0437,1.0441,1.0353,1.037,1.0383,15043.06474292,280
1789221600,1.0365,1.0398,1.0351,1.0356,1.0366,14644.16884952,235
1789225200,1.0354,1.0394,1.0333,1.0379,1.0357,60335.54634244,742
1789228800,1.0383,1.0445,1.0342,1.0389,1.0394,46029.98478336,362
1789232400,1.0393,1.0428,1.033,1.0342,1.0366,10822.39296532,189
1789236000,1.0332,1.0339,1.0263,1.0277,1.0293,45507.50758313,332
1789239600,1.0276,1.0288,1.0241,1.0258,1.0258,17823.14018737,210
1789243200,1.0259,1.0314,1.024,1.0258,1.0276,14878.7316138,175
1789246800,1.0259,1.0297,1.0226,1.0243,1.0267,8832.35165726,117
1789250400,1.0243,1.0261,1.0156,1.0162,1.0199,45566.76765894,442
1789254000,1.0165,1.0206,1.016,1.0199,1.0176,14759.47245271,239
1789257600,1.019,1.0198,1.0135,1.0145,1.0161,9438.38366677,325
1789261200,1.0145,1.0199,1.0129,1.0155,1.0165,12457.92980687,340
1789264800,1.0151,1.0164,1.0125,1.0135,1.0145,21749.88436243,297
1789268400,1.0132,1.0146,1.0082,1.0096,1.011,11485.98450081,331
1789272000,1.0091,1.0095,1.0046,1.0052,1.006,43922.37432285,503
1789275600,1.0053,1.0166,1.0053,1.0157,1.0113,30406.63595211,306
1789279200,1.0156,1.0185,1.014,1.0183,1.0165,5589.09421785,272
1789282800,1.0184,1.0217,1.0115,1.0125,1.0177,17383.80419422,344
1789286400,1.0122,1.0144,1.0,1.0035,1.0043,45259.54364989,589
1789290000,1.0035,1.0071,0.9959,1.0057,0.9984,41230.02176787,543
1789293600,1.0054,1.0066,0.9964,0.9984,1.0016,8741.90441102,232
1789297200,1.0004,1.0109,0.9992,1.0069,1.0043,10163.7482455,197
1789300800,1.0057,1.0128,1.005,1.0124,1.0078,7507.90410089,198
1789304400,1.0125,1.0149,1.0052,1.0147,1.009,18693.9096332,352
1789308000,1.0154,1.0246,1.0143,1.0219,1.02,13169.81429017,359
1789311600,1.0224,1.0231,1.0154,1.0178,1.0184,15624.16324539,243
1789315200,1.0164,1.0262,1.0162,1.0186,1.0217,28058.32458983,236
1789318800,1.0185,1.0283,1.0165,1.0214,1.0238,17169.67107179,226
1789322400,1.0204,1.028,1.0198,1.0244,1.0242,9278.75589287,170
1789326000,1.0238,1.0272,1.0175,1.0182,1.0187,66339.12556975,302
1789329600,1.018,1.0212,1.0163,1.0195,1.0182,46057.67575519,511
1789333200,1.0195,1.024,1.0158,1.0196,1.0207,4714.54549829,208
1789336800,1.0193,1.0194,0.9977,1.0002,1.0048,55824.60027007,733
1789340400,1.0002,1.0041,0.9977,0.9997,1.0006,21150.75659939,394
1789344000,0.9997,1.0125,0.998,1.0095,1.0045,28571.68103793,501
1789347600,1.0095,1.0185,1.0056,1.0185,1.0107,8373.51852353,300
1789351200,1.0176,1.0267,1.0125,1.0233,1.0217,13676.63679986,337
1789354800,1.0235,1.0244,1.0133,1.0159,1.0192,20597.72298741,234
1789358400,1.0159,1.0224,1.0147,1.0177,1.0194,4495.04205456,141
1789362000,1.0181,1.0205,1.0153,1.0174,1.0176,5158.37837824,153
1789365600,1.0174,1.0264,1.0158,1.0195,1.0235,27292.0124322,345
1789369200,1.0175,1.0231,1.0175,1.0196,1.0195,12935.52674989,204
1789372800,1.0193,1.024,1.0174,1.0198,1.0206,24048.57471989,314
1789376400,1.0202,1.0217,1.0054,1.0149,1.0122,42241.2271048,470
1789380000,1.0152,1.0188,1.0134,1.0137,1.0159,52267.22636968,727
1789383600,1.0142,1.0165,1.0095,1.0148,1.0136,48376.15503397,378
1789387200,1.0148,1.0213,1.0077,1.0087,1.0164,33280.60036217,460
1789390800,1.0087,1.0159,1.0043,1.0098,1.0101,24209.03340921,344
1789394400,1.0104,1.0184,1.0084,1.0093,1.0135,17014.74870239,286
1789398000,1.0098,1.0132,1.0057,1.0086,1.0088,26999.41028702,324
1789401600,1.0086,1.0199,1.0063,1.016,1.0122,38994.17044428,388
1789405200,1.016,1.016,1.0061,1.0131,1.011,43747.42827611,464
1789408800,1.013,1.0222,1.0125,1.0204,1.0171,37620.43769296,375
1789412400,1.0201,1.0242,1.015,1.015,1.0222,33390.24994421,247
1789416000,1.0164,1.0372,1.0146,1.0247,1.029,129401.05663785,546
1789419600,1.0247,1.0247,1.0084,1.0087,1.0143,37748.25694288,375
1789423200,1.0096,1.0148,1.0058,1.0086,1.0111,47098.55184684,393
1789426800,1.0091,1.0121,1.0026,1.004,1.0081,12428.38835265,273
1789430400,1.003,1.0036,0.9891,0.992,0.9962,34935.53169758,471
1789434000,0.991,0.9952,0.9876,0.991,0.9908,19233.98323566,296
1789437600,0.9918,0.996,0.989,0.995,0.9913,24187.25514478,166
1789441200,0.9949,0.9964,0.9849,0.9916,0.9901,20632.32271693,265
1789444800,0.9918,0.9947,0.9895,0.991,0.9918,25274.07715514,196
1789448400,0.9905,0.998,0.9853,0.9969,0.9932,27317.37169033,286
1789452000,0.9965,0.9976,0.9886,0.9899,0.9927,45954.89790136,261
1789455600,0.9904,0.994,0.9825,0.9832,0.9869,18369.39294158,223
1789459200,0.9828,0.9884,0.9765,0.9882,0.9811,69802.79538114,526
1789462800,0.9881,0.9989,0.9856,0.9964,0.993,19031.4689273,289
1789466400,0.9973,0.9986,0.9903,0.9931,0.9923,111860.86535455,397
1789470000,0.9931,0.9947,0.9866,0.9894,0.9933,109159.36113284,392
1789473600,0.9889,0.994,0.9854,0.9888,0.9909,14109.77095394,245
1789477200,0.9894,0.9928,0.9826,0.9925,0.9882,106176.42300189,322
1789480800,0.9934,0.9934,0.9726,0.9744,0.9786,58704.90096891,509
1789484400,0.9743,0.9876,0.9743,0.9831,0.9836,21518.9635436,321
1789488000,0.9826,0.9872,0.9801,0.9816,0.9842,7676.03635923,193
1789491600,0.9807,0.992,0.9781,0.9855,0.9858,6156.20523573,147
1789495200,0.9816,0.9849,0.9342,0.9554,0.9551,210945.68189287,1345
1789498800,0.9553,0.9637,0.9511,0.9575,0.9573,59583.29601127,494
1789502400,0.9584,0.959,0.9436,0.9505,0.9502,29578.81067812,368
1789506000,0.9495,0.9506,0.9411,0.9421,0.9462,9110.14097037,220
1789509600,0.9411,0.9464,0.9397,0.9455,0.9417,23196.7776874,207
1789513200,0.9451,0.95,0.9437,0.9441,0.948,14026.36257237,198
1789516800,0.9436,0.9451,0.9382,0.9395,0.941,28285.81275601,256
1789520400,0.9396,0.9463,0.9359,0.939,0.9411,17482.30796326,176
1789524000,0.94,0.9498,0.94,0.948,0.9463,27095.05069332,203
1789527600,0.9481,0.954,0.948,0.9525,0.9511,27270.36869453,185
1789531200,0.953,0.956,0.949,0.9499,0.9532,28021.42561681,170
1789534800,0.95,0.9562,0.9465,0.9545,0.9511,21404.39626395,201
1789538400,0.955,0.955,0.9454,0.949,0.9501,15962.66933941,101
1789542000,0.9492,0.9534,0.9456,0.9466,0.9497,11855.19773647,132
1789545600,0.9469,0.9474,0.9379,0.9414,0.9423,12758.63972024,204
1789549200,0.9414,0.9607,0.941,0.9571,0.9495,7880.25297398,190
1789552800,0.9577,0.9595,0.9529,0.9595,0.9574,11052.94067157,151
1789556400,0.9589,0.9625,0.9559,0.9603,0.9583,11799.68487596,136
1789560000,0.9609,0.9839,0.9604,0.9822,0.9777,129683.6501516,510
1789563600,0.9828,0.9898,0.9714,0.9773,0.9815,32503.76194325,280
1789567200,0.9759,0.9763,0.9653,0.9761,0.9723,68146.76022068,372
1789570800,0.9762,0.9848,0.9701,0.9711,0.9756,21155.36306194,174
1789574400,0.9712,0.9815,0.9712,0.9794,0.9749,18829.73617013,201
1789578000,0.979,0.9803,0.9671,0.9729,0.9729,22648.86721129,254
1789581600,0.9765,0.9871,0.9669,0.9792,0.9797,49738.41482684,408
1789585200,0.9791,1.0046,0.9698,1.0007,0.9908,38244.52238609,363
1789588800,1.0007,1.0181,0.99,1.0081,1.0042,164880.75748149,769
1789592400,1.0068,1.0162,0.9981,1.0062,1.0075,140054.11330564,448
1789596000,1.0081,1.0081,0.9972,0.9974,1.0019,12467.95961269,180
1789599600,0.9974,1.0264,0.9958,1.018,1.0146,47339.81854171,368
1789603200,1.0183,1.0359,1.0183,1.0323,1.0285,77803.46317659,472
1789606800,1.033,1.0389,1.0144,1.0153,1.0298,84835.76490823,541
1789610400,1.0141,1.0183,1.008,1.0159,1.012,24254.29268487,279
1789614000,1.0149,1.0229,1.0114,1.0158,1.0159,15284.93280459,198
1789617600,1.0158,1.0178,1.0048,1.0127,1.0097,12558.93451165,221
1789621200,1.0122,1.0142,1.0078,1.0081,1.0116,18340.18683343,145
1789624800,1.0078,1.0119,1.0033,1.0118,1.0066,11657.709113,150
1789628400,1.0118,1.0157,1.0078,1.0099,1.0118,105205.33185488,267
1789632000,1.0108,1.0192,1.0068,1.0181,1.0119,21033.02847273,218
1789635600,1.0172,1.0173,1.0094,1.0173,1.0119,31367.88725977,201
1789639200,1.0188,1.0239,1.0112,1.0238,1.0197,28366.47616523,209
1789642800,1.0232,1.0395,1.0163,1.0232,1.0293,109231.23567494,430
1789646400,1.0228,1.0416,1.021,1.0304,1.0296,125864.77409496,473
1789650000,1.0298,1.0405,1.0252,1.0356,1.0367,128636.25915792,400
1789653600,1.0358,1.0426,1.0302,1.0336,1.0354,71795.54661612,311
1789657200,1.0332,1.068,1.0268,1.067,1.0544,79087.02089799,565
1789660800,1.066,1.0752,1.0513,1.0549,1.065,108852.16614615,674
1789664400,1.0561,1.0808,1.0557,1.0648,1.0718,90860.43438629,642
1789668000,1.0656,1.0713,1.0629,1.0663,1.0659,57140.22787388,521
1789671600,1.0653,1.0735,1.0609,1.0613,1.0671,69591.16076423,471
1789675200,1.0614,1.0915,1.0604,1.0755,1.0826,142952.98188345,685
1789678800,1.0757,1.0757,1.0614,1.0619,1.0701,53238.23792449,425
1789682400,1.061,1.0752,1.0546,1.0749,1.0639,32692.70105231,460
1789686000,1.0749,1.0947,1.0739,1.0788,1.0831,48002.51279932,677
1789689600,1.0783,1.0997,1.0764,1.0979,1.0871,48918.59563062,699
1789693200,1.0979,1.106,1.0889,1.1038,1.0971,48347.97908543,708
1789696800,1.1048,1.1229,1.1048,1.1207,1.1157,83310.42673969,966
1789700400,1.1204,1.1275,1.1148,1.1204,1.121,52235.56776391,762
1789704000,1.1208,1.14,1.113,1.1364,1.1289,96955.91336141,1049
1789707600,1.1369,1.1439,1.1191,1.1251,1.1322,60138.3423412,677
1789711200,1.1248,1.1488,1.1228,1.1419,1.1351,61534.80568507,698
1789714800,1.1419,1.1511,1.1406,1.1483,1.1453,77935.14311676,784
1789718400,1.1487,1.163,1.1474,1.1619,1.1542,73838.77891598,1075
1789722000,1.1619,1.1705,1.1412,1.1606,1.1571,125477.960591,1149
1789725600,1.1607,1.1624,1.1401,1.1401,1.152,59771.23455677,744
1789729200,1.1408,1.1422,1.1169,1.1255,1.1264,81523.87138902,1028
1789732800,1.1261,1.1421,1.122,1.1409,1.1308,26575.67013014,571
1789736400,1.1409,1.1691,1.1361,1.1405,1.1522,82437.02041528,917
1789740000,1.1417,1.15,1.1376,1.1422,1.1429,51736.81512309,682
1789743600,1.1421,1.1442,1.1277,1.1326,1.135,45095.82107883,615
1789747200,1.1325,1.1417,1.1303,1.1362,1.1349,28557.32518123,626
1789750800,1.1353,1.141,1.1289,1.1404,1.1332,33860.04839047,705
1789754400,1.1406,1.1406,1.1263,1.1295,1.1318,83220.17100803,652
1789758000,1.1296,1.1421,1.129,1.1399,1.1365,31647.8193324,652
1789761600,1.1398,1.1398,1.1318,1.1341,1.1353,18114.79221707,463
1789765200,1.1346,1.148,1.1326,1.1419,1.1423,87010.40791999,661
1789768800,1.1419,1.1419,1.1237,1.1279,1.1313,76851.64512233,683
1789772400,1.1286,1.136,1.1265,1.1337,1.1323,19848.86416309,648
1789776000,1.1338,1.1401,1.1319,1.1345,1.1369,22344.61214492,831
1789779600,1.1345,1.1348,1.1184,1.1311,1.1283,26824.22244843,377
1789783200,1.1308,1.1571,1.1301,1.1536,1.1463,52837.88170765,876
1789786800,1.1538,1.1538,1.1353,1.1486,1.1449,37446.10145627,745
1789790400,1.1486,1.1505,1.121,1.1264,1.1271,380605.48522584,1305
1789794000,1.1272,1.1364,1.1261,1.1264,1.1305,18524.01716207,250
1789797600,1.1276,1.1288,1.109,1.1142,1.1164,43466.70563934,541
1789801200,1.1137,1.1147,1.1008,1.1019,1.1079,14897.22728778,348
1789804800,1.1018,1.12,1.0993,1.1174,1.1149,43140.31916967,626
1789808400,1.1164,1.124,1.1107,1.1205,1.1185,36331.62280823,470
1789812000,1.1208,1.1256,1.1184,1.1226,1.123,14344.03058829,312
1789815600,1.1224,1.14,1.1224,1.1374,1.137,259410.96596252,576
1789819200,1.1365,1.1404,1.1286,1.1328,1.1346,52907.4059163,549
1789822800,1.1324,1.1348,1.125,1.1328,1.13,30734.47395881,496
1789826400,1.1318,1.1395,1.1285,1.1293,1.1325,33001.7338351,438
1789830000,1.1285,1.1357,1.1197,1.1248,1.1261,38390.23287885,801
1789833600,1.1248,1.1345,1.117,1.1337,1.1242,48199.44438047,595
1789837200,1.1345,1.142,1.1229,1.1295,1.1324,51999.21329825,538
1789840800,1.1298,1.1338,1.1245,1.1289,1.1282,50635.1483308,565
1789844400,1.1296,1.1379,1.1293,1.1328,1.133,27686.06575931,549
1789848000,1.1318,1.1339,1.1145,1.117,1.1226,231031.80165884,636
1789851600,1.117,1.117,1.0955,1.1112,1.1077,490932.93987037,1409
1789855200,1.1108,1.1178,1.0991,1.1167,1.1055,36726.18577562,519
1789858800,1.1167,1.1241,1.1158,1.1239,1.1207,15721.84901575,412
1789862400,1.1241,1.1328,1.1162,1.1299,1.1237,22755.30105182,636
1789866000,1.1298,1.1298,1.108,1.115,1.1151,33320.20092144,447
1789869600,1.1154,1.1257,1.0707,1.0754,1.0876,212816.00692068,1069
1789873200,1.0751,1.0934,1.0748,1.0874,1.0856,35476.01173814,584
1789876800,1.0868,1.0898,1.0813,1.0877,1.0848,41725.33145088,441
1789880400,1.0875,1.0935,1.0854,1.0877,1.09,23448.42647603,383
1789884000,1.0877,1.0907,1.0797,1.0855,1.0862,16461.11046,337
1789887600,1.0849,1.0898,1.0812,1.0812,1.0856,10451.95082814,238
1789891200,1.0824,1.0924,1.0824,1.0877,1.0886,13793.20543222,244
1789894800,1.0875,1.1077,1.0875,1.1023,1.1011,30479.23361467,408
1789898400,1.1041,1.1047,1.0883,1.0917,1.0932,29426.88918444,468
1789902000,1.0917,1.1027,1.0895,1.1008,1.0952,17467.27296318,252
1789905600,1.1013,1.1073,1.0917,1.0998,1.095,53039.51798012,260
1789909200,1.0998,1.1033,1.0911,1.0988,1.0955,72735.16877668,484
1789912800,1.0999,1.1098,1.0957,1.0958,1.101,49706.72592533,472
1789916400,1.0958,1.113,1.0955,1.1105,1.1059,19528.66044626,315
1789920000,1.1094,1.1711,1.1077,1.165,1.1466,114965.13067839,1006
1789923600,1.1669,1.1715,1.1485,1.1538,1.1605,74571.08292824,812
1789927200,1.1558,1.1585,1.1405,1.1405,1.1536,148018.95402485,643
1789930800,1.1418,1.1681,1.1415,1.1648,1.1544,41204.96575322,380
1789934400,1.1655,1.1702,1.1424,1.1431,1.1551,72788.0932912,563
1789938000,1.1434,1.1541,1.1253,1.1515,1.1404,48808.81137096,458
1789941600,1.1528,1.1528,1.133,1.133,1.1395,32860.78558135,253
1789945200,1.1325,1.1385,1.129,1.1347,1.1352,55106.23353168,225
1789948800,1.134,1.152,1.134,1.1441,1.1444,39856.62322186,301
1789952400,1.1434,1.1566,1.1296,1.1309,1.144,22873.85768754,239
1789956000,1.1319,1.1585,1.1267,1.1528,1.1461,41910.28804954,317
1789959600,1.1535,1.1633,1.1495,1.1617,1.1561,46517.50990043,286
1789963200,1.163,1.163,1.1438,1.1448,1.1502,22981.40501823,219
1789966800,1.1453,1.1491,1.1403,1.1414,1.1444,19790.74488054,148
1789970400,1.1408,1.1536,1.1395,1.1514,1.1463,13555.95434303,193
1789974000,1.1509,1.1599,1.1479,1.1593,1.153,37167.69392665,249
1789977600,1.1606,1.1835,1.1564,1.1828,1.1664,123554.97433323,643
1789981200,1.1803,1.191,1.165,1.1659,1.1824,109263.07309325,724
1789984800,1.1654,1.1961,1.1638,1.1936,1.1801,61357.74292828,517
1789988400,1.1944,1.2008,1.188,1.1887,1.1942,50262.2376595,416
1789992000,1.1868,1.1931,1.1824,1.1888,1.1888,72980.49036883,453
1789995600,1.1888,1.1925,1.1693,1.1837,1.1805,45242.64286183,353
1789999200,1.1836,1.1876,1.1641,1.1872,1.1782,55896.87581842,341
1790002800,1.1859,1.195,1.171,1.1919,1.186,50297.40009486,286
1790006400,1.1912,1.2002,1.1825,1.1834,1.1923,79025.36758522,408
1790010000,1.1829,1.1883,1.1627,1.1668,1.1761,79912.08227321,372
1790013600,1.1668,1.1773,1.1638,1.1702,1.1723,27561.82653542,249
1790017200,1.1703,1.1866,1.1675,1.1806,1.1766,45943.67375886,305
1790020800,1.1817,1.1948,1.1769,1.1848,1.1845,33476.32525469,270
1790024400,1.1843,1.2053,1.1791,1.1902,1.1937,55796.94496764,403
1790028000,1.189,1.211,1.1889,1.2103,1.2029,55718.13038055,546
1790031600,1.2094,1.2183,1.2014,1.2079,1.2116,56078.22869332,525
1790035200,1.2059,1.2163,1.1946,1.1977,1.2027,46580.99850446,553
1790038800,1.1975,1.2089,1.1848,1.1998,1.1932,84314.72634556,832
1790042400,1.1996,1.2029,1.186,1.1889,1.1951,52182.95687274,621
1790046000,1.1878,1.1928,1.1775,1.1891,1.183,37558.10117985,441
1790049600,1.1878,1.2001,1.177,1.1785,1.1891,34186.2686882,623
1790053200,1.1795,1.1838,1.157,1.1724,1.1723,58195.74953795,892
1790056800,1.1725,1.1744,1.1604,1.1619,1.1665,34034.11255434,546
1790060400,1.1609,1.1671,1.153,1.1658,1.157,80242.43881573,550
1790064000,1.1648,1.1818,1.1628,1.1811,1.1696,22049.49915664,318
1790067600,1.1808,1.1813,1.1658,1.1689,1.1707,20602.20826833,304
1790071200,1.1689,1.1708,1.1556,1.1633,1.1655,33001.60715272,281
1790074800,1.1621,1.1683,1.1575,1.1657,1.1659,14833.02373944,229
1790078400,1.1657,1.1747,1.1573,1.1747,1.1654,45075.14771599,460
1790082000,1.1747,1.1861,1.1695,1.1848,1.1777,29060.37702374,436
1790085600,1.1848,1.1848,1.1461,1.1617,1.1576,63939.62760954,633
1790089200,1.161,1.1788,1.1609,1.176,1.1699,15838.52109649,374
1790092800,1.1761,1.1814,1.1628,1.1741,1.1722,50685.22320168,509
1790096400,1.1741,1.1871,1.1728,1.1801,1.181,71002.4335916,510
1790100000,1.1792,1.1838,1.1717,1.1719,1.1765,23543.86857992,371
1790103600,1.1718,1.1888,1.1718,1.1808,1.1803,34565.11935326,420
1790107200,1.1808,1.1978,1.1773,1.1964,1.1884,35709.65666893,487
1790110800,1.1978,1.2,1.1858,1.1952,1.1944,56777.36616562,363
1790114400,1.1961,1.2218,1.1877,1.2136,1.2052,58983.8292593,549
1790118000,1.2138,1.2359,1.2127,1.2178,1.2235,49638.46336162,621
1790121600,1.218,1.2252,1.2026,1.2058,1.2152,59792.84132669,464
1790125200,1.2041,1.2121,1.1916,1.194,1.202,26755.70380694,353
1790128800,1.195,1.2088,1.1863,1.2088,1.1961,25670.81554927,266
1790132400,1.2099,1.2198,1.2087,1.2096,1.2136,34436.62609907,333
1790136000,1.2086,1.2095,1.1978,1.1995,1.2024,26806.94451984,286
1790139600,1.1998,1.1998,1.1842,1.1869,1.1924,17604.48749794,228
1790143200,1.1869,1.1979,1.186,1.19,1.1913,27177.25914869,255
1790146800,1.1899,1.1907,1.1676,1.1706,1.1761,68243.14958026,580
1790150400,1.1706,1.1786,1.1575,1.1638,1.1649,103197.72424435,554
1790154000,1.1639,1.1719,1.1634,1.1662,1.1684,58330.61156458,377
1790157600,1.1666,1.17,1.1549,1.1668,1.1631,25575.19124369,314
1790161200,1.1665,1.1676,1.1514,1.1572,1.1579,96223.23663212,468
1790164800,1.1575,1.1616,1.1493,1.1584,1.1558,78331.61779234,559
1790168400,1.1587,1.1587,1.144,1.1515,1.1487,144537.03217038,786
1790172000,1.1522,1.155,1.0878,1.1136,1.1144,455707.57932477,2292
1790175600,1.1149,1.121,1.0951,1.0978,1.1041,95664.87969176,695
1790179200,1.0981,1.107,1.0752,1.1055,1.0945,157253.7815681,963
1790182800,1.1048,1.1058,1.0919,1.1,1.1016,155955.45714828,429
1790186400,1.1006,1.1027,1.0921,1.0979,1.0958,28451.65718437,376
1790190000,1.0976,1.1005,1.0929,1.0967,1.0963,33507.21656926,323
1790193600,1.0968,1.1022,1.0931,1.0952,1.0981,14607.13710489,171
1790197200,1.0957,1.1017,1.092,1.0977,1.0956,25693.63662375,227
1790200800,1.098,1.1072,1.0957,1.0977,1.1009,36978.48639478,383
1790204400,1.0975,1.1023,1.0961,1.1021,1.098,10978.06844383,238
1790208000,1.1018,1.1056,1.0955,1.097,1.0987,20003.66277195,366
1790211600,1.097,1.1001,1.0926,1.0942,1.0954,7403.80952519,257
1790215200,1.094,1.1187,1.0883,1.112,1.1035,178363.86394939,570
1790218800,1.112,1.1194,1.1096,1.1116,1.1138,80202.82924563,375
1790222400,1.1119,1.1371,1.1102,1.128,1.1271,85033.21525103,566
1790226000,1.1282,1.1396,1.125,1.1259,1.1346,15460.82292785,357
1790229600,1.1266,1.1301,1.1226,1.1276,1.1252,42914.10769501,296
1790233200,1.1279,1.1386,1.1216,1.1386,1.1314,22003.13628687,224
1790236800,1.1386,1.1427,1.1077,1.1145,1.12,47815.75706951,503
1790240400,1.1144,1.1174,1.0962,1.1056,1.1041,42682.59266325,660
1790244000,1.1058,1.1184,1.1045,1.1145,1.1116,14012.8806195,351
1790247600,1.1144,1.1232,1.1111,1.114,1.1171,18044.71049084,325
1790251200,1.114,1.1181,1.1084,1.1148,1.1137,14551.18443201,361
1790254800,1.115,1.1508,1.1149,1.1495,1.1368,63218.82507198,641
1790258400,1.1499,1.1792,1.1443,1.1496,1.166,153316.7359819,1148
1790262000,1.1518,1.1746,1.1465,1.1708,1.1574,85671.01501108,692
1790265600,1.1705,1.1766,1.1583,1.1617,1.1679,84195.60487593,895
1790269200,1.1607,1.1671,1.1584,1.1634,1.1615,25189.89876922,444
1790272800,1.1637,1.1723,1.152,1.1714,1.16,53813.35778652,631
1790276400,1.1694,1.1761,1.1632,1.1684,1.1706,19926.90467841,383
1790280000,1.1677,1.1704,1.1603,1.1655,1.1639,28092.32174722,402
1790283600,1.1658,1.1763,1.1656,1.168,1.1711,29233.84476854,309
1790287200,1.1684,1.1684,1.1536,1.1584,1.1595,39380.83786025,331
1790290800,1.1584,1.1651,1.1544,1.1555,1.1594,20138.03228888,300
1790294400,1.1575,1.1639,1.1535,1.1585,1.1582,19411.93783644,315
1790298000,1.1588,1.164,1.1469,1.1495,1.1515,45831.04509218,344
1790301600,1.1498,1.1585,1.1325,1.1362,1.1404,46131.00231574,500
1790305200,1.1369,1.1394,1.1315,1.1375,1.135,63700.35226368,498
1790308800,1.1371,1.1481,1.1345,1.1434,1.1402,34585.71969518,262
1790312400,1.1435,1.1479,1.1409,1.1466,1.143,17081.41395227,344
1790316000,1.1469,1.1636,1.146,1.1506,1.1539,25349.61922306,647
1790319600,1.1506,1.1595,1.147,1.1575,1.1534,14835.38292228,313
1790323200,1.1585,1.1783,1.1555,1.1696,1.1689,40196.804455,533
1790326800,1.1696,1.1762,1.1636,1.1736,1.1699,17948.39204065,450
1790330400,1.174,1.174,1.1646,1.1666,1.1686,26747.29532254,341
1790334000,1.1665,1.1969,1.1644,1.1957,1.1786,98125.49800403,767
1790337600,1.1956,1.2037,1.171,1.1965,1.1911,96822.84340609,916
1790341200,1.1965,1.1984,1.173,1.182,1.1848,66554.30957386,782
1790344800,1.1826,1.1889,1.1621,1.1836,1.1775,101398.97425141,844
1790348400,1.1839,1.1908,1.1679,1.1807,1.1804,55273.19194812,724
1790352000,1.1809,1.1905,1.1746,1.175,1.1848,62964.28487043,555
1790355600,1.1754,1.1827,1.17,1.1765,1.1767,23754.25049253,407
1790359200,1.1761,1.1897,1.1744,1.1865,1.1848,31314.72283844,618
1790362800,1.1866,1.1893,1.1789,1.1879,1.185,26300.01910402,351
1790366400,1.1876,1.2111,1.1876,1.2016,1.2026,128023.42055887,847
1790370000,1.2019,1.204,1.1867,1.1879,1.1914,13901.535667,308
1790373600,1.1879,1.2228,1.184,1.2169,1.2085,67171.28314092,671
1790377200,1.2159,1.2231,1.2105,1.2126,1.219,44832.91830505,513
1790380800,1.213,1.2172,1.2007,1.2166,1.21,62699.40000664,608
1790384400,1.217,1.2539,1.2154,1.2279,1.2434,167545.33431106,1340
1790388000,1.2279,1.229,1.2134,1.2169,1.2208,53536.07404237,495
1790391600,1.2159,1.217,1.207,1.2155,1.2116,19273.32596379,367
1790395200,1.2156,1.2316,1.2152,1.2285,1.2243,40640.454184,611
1790398800,1.2281,1.2336,1.2211,1.226,1.2273,62157.88530934,645
1790402400,1.2264,1.2344,1.2184,1.2282,1.2264,45033.88629302,633
1790406000,1.2279,1.24,1.2211,1.2211,1.2323,64022.14448511,677
1790409600,1.2213,1.2267,1.2135,1.2209,1.2201,48857.83794012,562
1790413200,1.2208,1.2216,1.1972,1.2036,1.2041,54562.43463018,579
1790416800,1.2036,1.2407,1.2036,1.2358,1.2296,40278.5556102,631
1790420400,1.2356,1.2369,1.2282,1.2309,1.2317,36732.77841648,466
1790424000,1.2309,1.2405,1.2258,1.2296,1.2329,49953.47604412,591
1790427600,1.2296,1.2344,1.218,1.2306,1.2251,30096.36226711,444
1790431200,1.23,1.2575,1.2232,1.2561,1.2445,68030.56627224,714
1790434800,1.2526,1.288,1.2519,1.2855,1.2734,250883.09796811,1581
1790438400,1.2859,1.3055,1.2682,1.3008,1.2909,367443.08270385,1620
1790442000,1.3016,1.3032,1.2657,1.2663,1.2812,124280.58639212,1247
