time,hours,relative_sum,absolute_sum
1759708800,16,0.004199343826409339,0.00014328479132661101
1759795200,24,0.006946974178457295,0.000261221838706616
1759881600,24,0.007966907032329626,0.000318745403147862
1759968000,24,0.05227329776115591,0.001903067229849371
1760054400,24,0.04980768827083333,0.001619212045211681
1760140800,24,0.04030881675519713,0.000944925670780883
1760227200,24,0.009924064912768815,0.000250908283137809
1760313600,24,0.054147618581944446,0.0015584161036948851
1760400000,24,0.04588135754677419,0.001251465932106761
1760486400,24,0.04370799928051075,0.001196751243800597
1760572800,24,0.04370260692535843,0.001141390588198534
1760659200,24,0.016100491984677417,0.000392561075557203
1760745600,24,-0.000539636759722223,-1.3349045377885e-05
1760832000,24,0.004775065194758064,0.000120987753605405
1760918400,24,0.03341214729861111,0.000839417257282848
1761004800,24,0.01649020369094982,0.000401426893201706
1761091200,24,0.000300983344130824,6.806949186371001e-06
1761177600,24,0.008339564124316756,0.000204058486967899
1761264000,24,0.0281905331,0.000689153919886589
1761350400,24,0.0169804502765233,0.000415659570307331
1761436800,24,0.007812416991980289,0.00018966063534742002
1761523200,24,0.03203257953888889,0.000775094867251064
1761609600,24,0.03442890522894265,0.000795016649405488
1761696000,24,-0.001188056553494624,-2.6689465041131e-05
1761782400,24,-0.00080088556290323,-1.7213516973187e-05
1761868800,24,6.5780478629032e-05,1.2709930354110003e-06
1761955200,22,-0.0006781269037186371,-1.3662940810362e-05
1762041600,23,-0.0007045126975806459,-1.4206230350797001e-05
1762128000,24,0.000366232335595877,6.037415378061e-06
1762214400,24,0.017217121598193417,0.00029045096546793
1762300800,24,0.0034885118533812963,5.7584694673051e-05
1762387200,24,-0.00039474168189964,-7.322840796808e-06
1762473600,24,0.000388360902598563,7.953028403205001e-06
1762560000,24,0.011677790212410395,0.000224184282018246
1762646400,24,0.00817560329000896,0.00015717708805331902
1762732800,24,0.046909181375403224,0.000948886613030556
1762819200,24,0.04625285357916667,0.000920686801855523
1762905600,24,-0.00011041874950716998,-2.295807835804e-06
1762992000,24,0.00023888972014336903,3.9568677965040005e-06
1763078400,24,0.0007829456551523281,1.3393739770934e-05
1763164800,24,0.000771187932437275,1.4943184187198e-05
1763251200,24,0.042150192365008964,0.000791732058596684
1763337600,24,0.006489934219175628,0.000125429367417054
1763424000,24,0.00134126505501792,2.6211767080113e-05
1763510400,23,0.000770717768063902,1.4098238509022e-05
1763596800,24,0.001206176794116921,2.1741925898165e-05
1763683200,24,0.001914301335976702,3.1411707104967e-05
1763769600,24,0.00022935351890681,3.5923719170210003e-06
1763856000,24,5.9770501657705006e-05,9.809743234950003e-07
1763942400,24,0.00255965730170251,4.3578496372943e-05
1764028800,24,0.012689503239964157,0.000216897173530576
1764115200,24,-8.991174340277697e-05,-1.5649034859350002e-06
1764201600,24,0.002370070771968973,4.2115863518418e-05
1764288000,24,-3.023516393368901e-05,-5.014988650149999e-07
1764374400,24,0.002861648450313621,4.8555199326995e-05
1764460800,24,9.2947071908601e-05,1.624826522321e-06
1764547200,24,0.02086103585,0.000320190600242126
1764633600,24,-0.00025591666424731104,-3.2581401563579995e-06
1764720000,24,0.01826477349112903,0.000309908161822096
1764806400,23,0.011697249706089293,0.000198571440342719
1764892800,24,0.01384020809342678,0.000222331637151467
1764979200,24,0.000452688352777777,7.42140039669e-06
1765065600,24,0.000674525162365592,1.2212680884063e-05
1765152000,24,0.010765138684443804,0.000190982195427489
1765238400,24,0.007553840687569524,0.000135067613278241
1765324800,24,0.000137618239112903,2.562087240629e-06
1765411200,24,0.00672161717549283,0.00011168735740934
1765497600,24,0.032284173764112904,0.000534206578389284
1765584000,24,-0.001939815450000001,-3.2384400708963e-05
1765670400,24,-0.0006944064124551999,-1.0542949733124e-05
1765756800,24,0.01918219529108423,0.000304843535245547
1765843200,24,0.029023115922715056,0.000447433726376551
1765929600,24,0.03096738862298387,0.000470396278129056
1766016000,24,0.018005925074507167,0.000263515251539817
1766102400,24,0.015915818968693995,0.000239716908627578
1766188800,24,-0.002095182818055554,-3.260865825141e-05
1766275200,24,-0.002246016613888889,-3.4678882932836e-05
1766361600,24,0.02042666834423077,0.000335235100948398
1766448000,24,0.028357192877777777,0.000470698111005151
1766534400,24,0.01672361646111111,0.000266408542924011
1766620800,24,0.03316814250501792,0.000527157892140978
1766707200,24,0.033357376355241934,0.00052567789897798
1766793600,24,-0.0026826586,-4.3044828270154e-05
1766880000,24,-0.00056080999583333,-8.916568760413001e-06
1766966400,24,0.0009371786288082452,1.4584772826044999e-05
1767052800,24,0.0062891936479838725,9.7825832920505e-05
1767139200,24,0.0006083300393817181,8.556609428053003e-06
1767225600,24,-0.004088939988888888,-7.382376284629e-05
1767312000,24,-0.00014852414861111,-2.1661903032120003e-06
1767398400,24,-0.00049074630232975,-8.663850026883999e-06
1767484800,24,0.001587855047222222,3.0086254996303e-05
1767571200,24,0.003698630236559138,7.4243856935622e-05
1767657600,24,0.001659769696146954,3.4119824437643e-05
1767744000,24,0.002762402470878136,5.5366470715048e-05
1767830400,24,0.001964125396684587,3.7247190086009e-05
1767916800,24,0.001954441853673835,3.8633889237676e-05
1768003200,24,0.002062514006899642,4.2005458757481e-05
1768089600,24,0.001162981914583332,2.5488580502639e-05
1768176000,24,0.002389090211458331,5.1969843075322e-05
1768262400,24,0.004328457525448026,9.4878771181309e-05
1768348800,24,0.003488388168189964,7.9307835937063e-05
1768435200,24,1.1776807007167015e-05,1.7602096647700017e-07
1768521600,24,0.022433139848252688,0.000479253599814464
1768608000,24,-0.00039586965833333503,-8.665461417031e-06
1768694400,24,0.000235139711111112,5.051228660876e-06
1768780800,24,0.007232892688888887,0.00014579213039318
1768867200,24,0.00205616089278674,4.0102469877492e-05
1768953600,24,-0.001810551237813621,-3.5880065106554e-05
1769040000,24,0.0073236663462055394,0.00014839726146637701
1769126400,24,0.01668861848732079,0.00033629828544137503
1769212800,24,0.00041017390694444414,7.959151065884998e-06
1769299200,24,-0.018812297440277778,-0.000342008699051031
1769385600,24,-0.035695741997222225,-0.000652859308281798
1769472000,24,-0.010640127300403226,-0.000193057219117634
1769558400,24,-0.001100112928449823,-2.0038519044339e-05
1769644800,24,-0.002686187741556382,-4.6418668100032994e-05
1769731200,24,-0.00096262260277778,-1.7138206319004e-05
1769817600,24,-0.001942764849417563,-3.312329869424e-05
1769904000,24,-0.0122790983,-0.000199646228925068
1769990400,24,0.000899282800000001,1.4324691508135e-05
1770076800,24,-0.009267019900268814,-0.000152093595530935
1770163200,23,-0.01018048482916667,-0.00015287336747011102
1770249600,24,-0.011924071147540823,-0.000164155597864861
1770336000,24,0.008189194993457527,0.000101271726849103
1770422400,24,0.002596305332168458,3.4357368536702e-05
1770508800,24,-0.00501870722638889,-7.096298533767e-05
1770595200,24,-0.005218397952224143,-7.2482005124799e-05
1770681600,24,-0.004315357631932473,-5.9851771082093e-05
1770768000,24,-0.005011451056273946,-7.0118426231568e-05
1770854400,24,-0.006235083416376677,-8.9509140904219e-05
1770940800,23,-0.008538745667137769,-0.000131180479778081
1771027200,24,-0.016122313877525253,-0.000274337569033138
1771113600,24,-0.002662004883154122,-4.8435554613076e-05
1771200000,24,-0.00727522845174731,-0.000148603387567406
1771286400,24,-0.002066304262499998,-4.0616546466317e-05
1771372800,24,-0.002658065252195341,-5.0657079692813004e-05
1771459200,24,-0.004252319696123579,-7.0504555252016e-05
1771545600,24,-0.002167147063888888,-3.5688990347561e-05
1771632000,24,-0.002422137418055556,-3.8349343640944e-05
1771718400,24,-0.002769111314157708,-4.1016287425122e-05
1771804800,24,-0.005035816305199078,-7.118993946494601e-05
1771891200,24,-0.015266904307494791,-0.000212035661368284
1771977600,24,-0.003357287087231183,-4.7786642205061e-05
1772064000,24,-0.00452546869770127,-6.2996815848161e-05
1772150400,24,-0.004168049282671632,-5.6749679444301e-05
1772236800,24,-0.003928465511066308,-5.2200461555161e-05
1772323200,24,-0.003784826330555554,-5.1536514086819e-05
1772409600,24,-0.001614046582437276,-2.1297751598878e-05
1772496000,24,-0.00114304193467742,-1.6167974127234e-05
1772582400,24,-0.0040562372405465955,-6.2322900994678e-05
1772668800,24,-0.000984316497008549,-1.4412017945965e-05
1772755200,24,-0.001408926124686379,-2.0104804212652e-05
1772841600,24,-0.003949131840008962,-5.7875051109205996e-05
1772928000,24,-0.004468619166666667,-6.3222379128713e-05
1773014400,24,-0.0028785373302497278,-4.1537093018928e-05
1773100800,24,-0.0010131718689964139,-1.4882672345785e-05
1773187200,24,0.007026015437858424,0.000108040384339808
1773273600,24,-0.001697207605555558,-2.5481535746037e-05
1773360000,24,-0.001551491343862005,-2.4390633688336e-05
1773446400,24,-0.002586251808333333,-4.0910971327115e-05
1773532800,24,-0.003083847619444444,-4.7566972347973e-05
1773619200,24,0.037742102802777774,0.000592660167789134
1773705600,24,0.03489416629883513,0.000530905704849755
1773792000,24,0.014923133239292114,0.000222669602299851
1773878400,24,-0.002837463764407324,-4.0972718663884e-05
1773964800,24,-0.002393996467025091,-3.3065688323273e-05
1774051200,24,-0.003709464631317205,-5.0095140016807e-05
1774137600,24,-0.004073162136469536,-5.1991825321544e-05
1774224000,24,-0.003176059001657706,-4.0807977419376e-05
1774310400,24,-0.001676441177105738,-2.1165166779317998e-05
1774396800,24,-0.001260153915277776,-1.5860092198046e-05
1774483200,24,-0.000130161224014336,-1.538624055292e-06
1774569600,24,0.00012114009722222099,1.4472980620389998e-06
1774656000,24,-0.001732243368055554,-1.9440141541547e-05
1774742400,24,-0.002340799302956992,-2.6256853207386e-05
1774828800,24,-0.001391913515277781,-1.5676511449717e-05
1774915200,24,-0.001675188731048387,-1.898989266636e-05
1775001600,24,-0.000846566747401433,-9.807796068313e-06
1775088000,24,-0.001593267351558142,-1.7819004252445e-05
1775174400,24,-0.002072581639546001,-2.313523349701e-05
1775260800,24,-0.0032341308672043,-3.592242156919e-05
1775347200,24,-0.002648840016666667,-2.9674225555277e-05
1775433600,24,-0.000697547640689962,-8.06050350863e-06
1775520000,24,-0.004563068419982077,-5.1979816447136e-05
1775606400,24,-0.002345445560080644,-2.8302236821737e-05
1775692800,24,-0.0017601542335479799,-2.0336683367636e-05
1775779200,24,-0.000635711458333333,-7.305119290386001e-06
1775865600,24,-0.002610993816666666,-3.1629656795117e-05
1775952000,24,-0.001512297648431899,-1.7432660645374e-05
1776038400,24,0.001334257970833333,1.6876289325106e-05
1776124800,24,0.000336956112634409,4.386943443497e-06
1776211200,24,-0.002900361338172043,-3.9233797530961e-05
1776297600,24,-0.003539694748414904,-5.1067224956574e-05
1776384000,24,-0.00312718657281244,-4.8294923658409e-05
1776470400,24,-0.010874615485331142,-0.000156861396724071
1776556800,24,-0.016360876238474802,-0.000227731062087595
1776643200,24,-0.004503842364023298,-6.1237129035502e-05
1776729600,24,-0.0041259805001174115,-5.5991635199301e-05
1776816000,24,-0.004549882483960573,-6.3142668089043e-05
1776902400,24,-0.004739057660981678,-6.3759428240332e-05
1776988800,24,-0.004256959110304659,-5.9441114126719e-05
1777075200,24,-0.0055849384720380296,-7.7195876227358e-05
1777161600,24,-0.005196564392473118,-7.0783303092404e-05
1777248000,24,-0.005038307844130825,-6.7290761238196e-05
1777334400,24,-0.003911292503673835,-5.2654706987192e-05
1777420800,24,-0.003599616897222222,-5.0552923928537e-05
1777507200,24,-0.004459392861399128,-6.0163380765652e-05
1777593600,24,-0.003796670135528675,-5.1441949769889e-05
1777680000,24,-0.004137743716666664,-5.6150627362796e-05
1777766400,24,-0.002492271837500001,-3.5502830940308e-05
1777852800,24,0.006415251969265233,0.00010493124539234901
1777939200,24,0.005585768722894266,9.1746255578746e-05
1778025600,24,-0.002334187753539425,-3.863855536379e-05
1778112000,24,-0.002262916007896503,-3.6607343524688e-05
1778198400,24,-0.002555447787499999,-4.0434393896281e-05
1778284800,24,-0.001644526848611109,-2.6278862761192e-05
1778371200,24,-0.004724668581944444,-7.5662450524091e-05
1778457600,24,-0.005947033624955199,-9.5702268320222e-05
1778544000,24,0.002625128197916667,4.6471074094414004e-05
1778630400,24,0.014142701587141579,0.000244036555204773
1778716800,24,-0.002410468369504181,-3.7481290277933e-05
1778803200,24,-0.005534242244489247,-8.4581030014957e-05
1778889600,24,-0.003293515848611111,-4.6749733583623e-05
1778976000,24,-0.007831885154166666,-0.000110099955487993
1779062400,24,-0.006777094158333332,-9.240378416165e-05
1779148800,24,-0.005084594729166667,-7.0008269827564e-05
1779235200,24,-0.000785089478315408,-1.0761892674890998e-05
1779321600,24,-0.002496509447386502,-3.5676304279373e-05
1779408000,24,-0.00324678301111111,-4.5490830017197e-05
1779494400,24,-0.000970897248456791,-1.2631404890397e-05
1779580800,24,-0.002419285698611113,-3.0878243000514e-05
1779667200,24,-0.004183433039292115,-5.4498035677515e-05
1779753600,24,-0.0022392397810483853,-3.0481182413577e-05
1779840000,24,-6.566123611111205e-05,-1.6498452875070002e-06
1779926400,24,-0.001531132926608268,-1.8623415892067998e-05
1780012800,24,-0.003600607303808246,-4.3245509036458e-05
1780099200,24,-0.001963445375268818,-2.3970826047235e-05
1780185600,24,-0.004153256821774194,-5.2123862291988e-05
1780272000,24,-0.005789151372177419,-7.2691382367939e-05
1780358400,24,-0.002142188789557732,-2.6306704575214e-05
1780444800,24,-0.001821888229166668,-2.0950418940674e-05
1780531200,24,-0.002780870390000002,-3.0416269318475e-05
1780617600,24,-0.003803329777030031,-3.8850930048708e-05
1780704000,24,-0.001324176461424733,-1.3218869501152e-05
1780790400,24,0.001528119457392473,1.5568198804135e-05
1780876800,24,-0.00036042845143678,-3.877491459936e-06
1780963200,24,0.00031818424529570096,3.2122788468089998e-06
1781049600,24,0.000581126858587216,6.073656012533e-06
1781136000,24,0.000503218937500001,5.321316258205e-06
1781222400,24,0.001376695864919355,1.4771179361181e-05
1781308800,24,0.00092558928373656,9.995711531003e-06
1781395200,24,0.000588220273387096,6.275994798908e-06
1781481600,24,0.0038281649110446805,4.2346202348595003e-05
1781568000,24,-0.00176989830860215,-1.9258483945394e-05
1781654400,24,-0.001167934644489248,-1.2830986042298e-05
1781740800,24,-0.000335885442458186,-3.589942107323e-06
1781827200,24,-0.002175400070430108,-2.2551446659081e-05
1781913600,24,0.000310362691801077,3.241853105761e-06
1782000000,24,0.00935561558763441,0.000104823904183987
1782086400,24,-0.0005698924711013665,-6.795531061196002e-06
1782172800,24,0.0002450179340053757,3.1497958456679994e-06
1782259200,24,0.008126943516801075,8.0633406511194e-05
1782345600,24,0.024213051603508527,0.000240107770608983
1782432000,24,-0.015717881357596403,-0.00015771189924982
1782518400,24,-0.02080731644583333,-0.000210090559227035
1782604800,24,0.002576884004166665,2.5520846827354e-05
1782691200,24,-0.000517246175000002,-5.217925328279e-06
1782777600,24,0.004325724457123657,4.3100776001891e-05
1782864000,24,-0.001014589170967742,-9.676054320292998e-06
1782950400,24,0.001856773142528735,2.0009413526982e-05
1783036800,24,-0.003951548820833334,-4.3483136521917e-05
1783123200,24,0.0017722821729838707,2.1172767053758e-05
1783209600,24,0.000353876498252688,3.979262174159001e-06
1783296000,24,-0.002167944323521504,-2.5266527330397e-05
1783382400,24,-0.000949178416666667,-1.1436449693716e-05
1783468800,24,0.026678696532123656,0.000321929843841863
1783555200,24,-0.008461230351344086,-0.00010602470507533099
1783641600,24,-0.001700449173415899,-2.0757083450795968e-05
1783728000,24,-0.006957958485752689,-9.551378941738601e-05
1783814400,24,-0.0018245952618279574,-2.0320010879834e-05
1783900800,24,0.02135797762750896,0.000280433909494293
1783987200,24,0.04481450658846154,0.000590603012169387
1784073600,24,0.030775222499999998,0.000383210970919917
1784160000,24,-0.017886369453465823,-0.00021207135102974199
1784246400,24,-0.011852101925,-0.000166491682314762
1784332800,24,0.005557122089516129,6.6616638225359e-05
1784419200,24,-0.004513655741666665,-5.2354553257223e-05
1784505600,24,-0.007527199865994622,-8.5234073951564e-05
1784592000,24,0.0613180895375,0.000695023130365094
1784678400,24,-0.00333511521142473,-3.6317253250929e-05
1784764800,24,0.004586179816666666,4.8135740599682e-05
1784851200,24,0.0070298680541666676,7.367943305435301e-05
1784937600,24,0.01796250294314516,0.000187383184418263
1785024000,24,-0.0037724699125,-4.096824054035e-05
1785110400,24,-0.0065641372624999994,-7.150051449330601e-05
1785196800,24,-0.0018583085708333321,-2.019484090669e-05
1785283200,24,-0.001335976608870968,-1.494845270596e-05
1785369600,24,-0.024483745559274194,-0.000285057971991358
1785456000,24,-0.0018030720799731199,-2.9414387802252008e-05
1785542400,24,-0.004549563847983869,-5.683694319994e-05
1785628800,24,-0.002324670874999999,-2.8928658712959e-05
1785715200,24,-0.003286813897043011,-4.3155951518894e-05
1785801600,24,-0.01563500382876344,-0.000197520502519395
1785888000,24,0.00285115774139785,4.084101707767801e-05
1785974400,24,-0.00219850363828892,-2.9276150711477002e-05
1786060800,24,0.001249856479435484,1.7359018896239e-05
1786147200,24,0.0008489180362903229,1.0977705695471e-05
1786233600,24,-0.007709353126209679,-0.000115557310937037
1786320000,24,-0.003856298493145159,-8.4663649253233e-05
1786406400,24,0.003247468521666668,5.9631321872782e-05
1786492800,24,-0.004331112527822582,-7.8132674822841e-05
1786579200,24,-0.003559415843154761,-6.303832405924e-05
1786665600,24,-0.004374033579435486,-7.095044996317e-05
1786752000,24,-0.001550484983333332,-2.5439233338069e-05
1786838400,24,-0.0053404029563172035,-8.6412025874657e-05
1786924800,24,-0.002582650778629033,-4.3626277137006004e-05
1787011200,24,-0.002405730946505374,-4.0387720028551e-05
1787097600,24,-0.0061648065103494624,-0.00013116744050436
1787184000,24,0.000340324766039427,7.055070362509998e-06
1787270400,24,-0.0018136214666666678,-3.60265269657e-05
1787356800,24,-0.002269574162500001,-5.7195492304904e-05
1787443200,24,-0.002199018986827957,-5.0771887783593e-05
1787529600,24,-0.002004567700940863,-4.6731401725862005e-05
1787616000,24,-0.003473935618145165,-8.402282795284e-05
1787702400,24,-0.002537391406182795,-4.9341280355553e-05
1787788800,24,-0.005664953291666667,-0.000116530623993892
1787875200,24,-0.002941409394220431,-6.1929233360238e-05
1787961600,24,-0.0017968500403225808,-3.9785088417578e-05
1788048000,24,-0.003125855911155915,-6.7477241067665e-05
1788134400,24,-0.001329065466263441,-2.7519021925033998e-05
1788220800,24,-0.008593921787499998,-0.000177767102252696
1788307200,24,0.0006059925529569915,-2.1620733052152013e-05
1788393600,24,-0.001210254719971264,-3.8205363062054004e-05
1788480000,24,-0.0005524752920698941,-1.6731389218541003e-05
1788566400,24,-0.000893702933333335,-3.0276328634909e-05
1788652800,24,-0.002871752895833333,-9.0594506125946e-05
1788739200,24,0.000906331358333333,2.7464834341781e-05
1788825600,24,0.002090001714381721,6.2268248154976e-05
1788912000,24,0.00034195545389784993,1.0086687095409998e-05
1788998400,24,0.001577552630028735,4.4383020751006e-05
1789084800,24,0.00042076379999999897,1.2085500171216e-05
1789171200,24,0.0008091669166666691,2.4520299621986e-05
1789257600,24,-0.002248462849999999,-6.7216317245448e-05
1789344000,24,0.002112263229166665,6.3255252251678e-05
1789430400,24,-0.005553420801344085,-0.000166211220698177
1789516800,24,0.001354542514112902,3.9866024884512e-05
1789603200,24,-0.00576200051078149,-0.00017739959209008498
1789689600,24,-0.003666718062231183,-0.00012035898989619201
1789776000,24,0.001857286441666664,5.9571772531518996e-05
1789862400,24,-0.000284149358736558,-9.141352125235e-06
1789948800,24,0.000513067787500001,1.1415418028489008e-05
1790035200,24,0.0012789616125,7.6066384394005e-05
1790121600,24,0.002191080695564518,0.000133510039569252
1790208000,24,0.000650224914166666,3.0139030977155e-05
1790294400,24,0.001336298530241935,6.159574643620401e-05
1790380800,24,0.00240676530282258,0.000134061192039936
1790467200,24,0.002847697683333332,0.00015778715975777
1790553600,24,0.000982527420833334,5.1316822635338004e-05
1790640000,24,0.002105102329166666,0.000129072807465709
1790726400,24,0.001556010070833334,9.4398059129195e-05
1790812800,24,0.001801382530364125,0.000109144442646825
1790899200,24,0.000960399221370967,6.113407694666e-05
1790985600,24,0.002439873429166666,0.000151768634219704
1791072000,24,0.00071067374045699,4.8401138263402e-05
1791158400,24,0.0001280725,1.0285736284442e-05
1791244800,24,-0.000145623114351849,-1.1188592352423999e-05
1791331200,24,7.823750833333699e-05,4.566129764058001e-06
1791417600,24,0.000590839008333329,4.3278310874145e-05
